id,sku,slug,name_ar,name_en,category_ar,category_en,vendor,price,status,createdAt
584a4cba-9c37-4b4b-9d4e-17f7cb0267c5,AC49338B,mienta-air-cooler-ac49338b-grey,ميانتا مبرد هواء AC49338B رمادي,Mienta Air Cooler AC49338B Grey,مبردات مياه,Water Dispenser,Rezk Store,6699.00,active,2026-08-23 13:10:52.259
67754ef0-7ff5-4721-ba29-8f515901d0b7,WF50638A,mienta-wall-fan-wf50638a-18-inch-black,ميانتا مروحة حائط WF50638A 18 بوصة أسود,Mienta Wall Fan WF50638A 18 Inch Black,مراوح,Fans,Rezk Store,1779.00,active,2026-08-23 13:08:48.428
13c916fc-5257-4ab3-921e-6bb54ac79cac,WF50538A,mienta-wall-fan-wf50538a-18-inch-black,ميانتا مروحة حائط WF50538A 18 بوصة أسود,Mienta Wall Fan WF50538A 18 Inch Black,مراوح,Fans,Rezk Store,1579.00,active,2026-08-23 13:08:48.424
1362225c-6710-4618-ab54-0d9e585c7974,SF351438A,mienta-stand-fan-sf351438a-18-inch-black,ميانتا مروحة استاند SF351438A 18 بوصة أسود,Mienta Stand Fan SF351438A 18 Inch Black,مراوح,Fans,Rezk Store,2449.00,active,2026-08-23 13:08:48.418
7a90c778-bf45-4fa9-af5a-15a5f78415d3,SF351338A,mienta-stand-fan-sf351338a-18-inch-black,ميانتا مروحة استاند SF351338A 18 بوصة أسود,Mienta Stand Fan SF351338A 18 Inch Black,مراوح,Fans,Rezk Store,1999.00,active,2026-08-23 13:08:48.403
63259a4a-5cb6-414a-9bd0-dede04aed75f,HYU-CB-2310,hyundai-vacuum-cleaner-hyu-cb-2310-2400-watt-grey,هيونداي مكنسة كهربائية HYU-CB-2310 2400 واط رمادي,Hyundai Vacuum Cleaner HYU-CB-2310 2400 Watt Grey,مكانس كهربائية,Vacuum cleaner,Rezk Store,6599.00,active,2026-08-23 12:53:25.41
1c0180e5-7bec-4f32-b231-d2bc57bbddf2,HYU-CC-2308A,hyundai-vacuum-cleaner-hyu-cc-2308a-2200-watt-grey,هيونداي مكنسة كهربائية HYU-CC-2308A 2200 واط رمادي,Hyundai Vacuum Cleaner HYU-CC-2308A 2200 Watt Grey,مكانس كهربائية,Vacuum cleaner,Rezk Store,5599.00,active,2026-08-23 12:53:25.406
f3ef2a9e-f1c3-4098-8304-8d463f7d6c5d,HYU-CB-1601,hyundai-vacuum-cleaner-hyu-cb-1601-1800-watt-grey,هيونداي مكنسة كهربائية HYU-CB-1601 1800 واط رمادي,Hyundai Vacuum Cleaner HYU-CB-1601 1800 Watt Grey,مكانس كهربائية,Vacuum cleaner,Rezk Store,3999.00,active,2026-08-23 12:53:25.398
79aeef47-72d5-42d7-8f5a-efedecc9b3de,HYU-629,hyundai-water-dispenser-hyu-629-black,هيونداي مبرد مياه HYU-629 أسود,Hyundai Water Dispenser HYU-629 Black,مبردات مياه,Water Dispenser,Rezk Store,12499.00,active,2026-08-23 12:46:29.025
6cb55ab5-fca0-47dc-815f-928fc2451b05,HYU-2107S,hyundai-water-dispenser-hyu-2107s-3-taps-silver,هيونداي مبرد مياه HYU-2107S 3 حنفية فضي,Hyundai Water Dispenser HYU-2107S 3 Taps Silver,مبردات مياه,Water Dispenser,Rezk Store,8499.00,active,2026-08-23 12:46:29.018
77a30f5d-7b74-40af-929f-80865878879c,HYU-2107B,hyundai-water-dispenser-hyu-2107b-3-taps-black,هيونداي مبرد مياه HYU-2107B 3 حنفية أسود,Hyundai Water Dispenser HYU-2107B 3 Taps Black,مبردات مياه,Water Dispenser,Rezk Store,8499.00,active,2026-08-23 12:46:29.013
99cef82c-9bdf-4d33-99f3-7e8b756c9eab,HYU-582S,hyundai-water-dispenser-hyu-582s-3-taps-silver,هيونداي مبرد مياه HYU-582S 3 حنفية فضي,Hyundai Water Dispenser HYU-582S 3 Taps Silver,مبردات مياه,Water Dispenser,Rezk Store,7499.00,active,2026-08-23 12:46:29.008
d72b42ef-ba1f-4c9e-b8d4-2dcdd3d48207,HYU-582B,hyundai-water-dispenser-hyu-582b-3-taps-black,هيونداي مبرد مياه HYU-582B 3 حنفية أسود,Hyundai Water Dispenser HYU-582B 3 Taps Black,مبردات مياه,Water Dispenser,Rezk Store,7499.00,active,2026-08-23 12:46:29.004
852bb5b6-c4f3-4b21-a3ac-9f55a8c282c0,HYU-558,hyundai-water-dispenser-hyu-558-2-taps-black,هيونداي مبرد مياه HYU-558 2 حنفية أسود,Hyundai Water Dispenser HYU-558 2 Taps Black,مبردات مياه,Water Dispenser,Rezk Store,5999.00,active,2026-08-23 12:46:28.997
68130b38-989b-465c-b894-10debb9c83d5,HYU-TAC-3 HP-INV R32a,hyundai-air-conditioner-hyu-tac-3-hp-inv-r32a-3-hp-inverter-hotcold-white,هيونداي تكييف HYU-TAC-3 HP-INV R32a 3 حصان انفرتر بارد ساخن أبيض,Hyundai Air Conditioner HYU-TAC-3 HP-INV R32a 3 HP Inverter Hot/Cold White,مكيفات هواء,AIR CONDITIONER,Rezk Store,42999.00,active,2026-08-23 12:43:29.699
2cea6534-49b1-4e98-9aa1-1a2de447205f,HYU-TAC-2.25 HP-INV R32a,hyundai-air-conditioner-hyu-tac-225-hp-inv-r32a-225-hp-inverter-hotcold-white,هيونداي تكييف HYU-TAC-2.25 HP-INV R32a 2.25 حصان انفرتر بارد ساخن أبيض,Hyundai Air Conditioner HYU-TAC-2.25 HP-INV R32a 2.25 HP Inverter Hot/Cold White,مكيفات هواء,AIR CONDITIONER,Rezk Store,39999.00,active,2026-08-23 12:43:29.691
c638b62c-9d24-4cf8-a51b-d51a41e7db96,HYU-TAC-1.5 HP-INV R32a,hyundai-air-conditioner-hyu-tac-15-hp-inv-r32a-15-hp-inverter-hotcold-white,هيونداي تكييف HYU-TAC-1.5 HP-INV R32a 1.5 حصان انفرتر بارد ساخن أبيض,Hyundai Air Conditioner HYU-TAC-1.5 HP-INV R32a 1.5 HP Inverter Hot/Cold White,مكيفات هواء,AIR CONDITIONER,Rezk Store,24999.00,active,2026-08-23 12:43:29.68
0a72122c-3bf5-449e-8042-8fc6d16bcd40,Smart Titan-5HP,haier-air-conditioner-smart-titan-5-hp-inverter-hotcold-white,هاير تكييف Smart Titan 5 حصان انفرتر بارد ساخن أبيض,Haier Air Conditioner Smart Titan 5 HP Inverter Hot/Cold White,مكيفات هواء,AIR CONDITIONER,Rezk Store,83650.00,active,2026-08-22 21:04:11.742
bea80302-e324-4b84-9e1b-2b86dae71b64,Smart Titan-4HP,haier-air-conditioner-smart-titan-4-hp-inverter-hotcold-white,هاير تكييف Smart Titan 4 حصان انفرتر بارد ساخن أبيض,Haier Air Conditioner Smart Titan 4 HP Inverter Hot/Cold White,مكيفات هواء,AIR CONDITIONER,Rezk Store,72800.00,active,2026-08-22 21:04:11.732
46c2943b-ae3d-423d-9d1e-e85e16e1f62d,Smart Purifier-1.5HP,haier-air-conditioner-smart-purifier-15-hp-inverter-hotcold-plasma-white,هاير تكييف Smart Purifier 1.5 حصان انفرتر بارد ساخن بلازما أبيض,Haier Air Conditioner Smart Purifier 1.5 HP Inverter Hot/Cold Plasma White,مكيفات هواء,AIR CONDITIONER,Rezk Store,36500.00,active,2026-08-22 21:04:11.728
6da57eef-9b93-4d10-ab8a-e70fb0aa8577,Smart Ultra  Al Voice Control-3HP,haier-air-conditioner-smart-ultra-3-hp-inverter-hotcold-voice-control-black,هاير تكييف Smart Ultra 3 حصان انفرتر بارد ساخن تحكم صوتي أسود,Haier Air Conditioner Smart Ultra 3 HP Inverter Hot/Cold Voice Control Black,مكيفات هواء,AIR CONDITIONER,Rezk Store,57500.00,active,2026-08-22 21:04:11.72
beb80c10-8b6f-47aa-a566-2feba59b95ef,Smart Ultra  Al Voice Control-2.25HP,haier-air-conditioner-smart-ultra-225-hp-inverter-hotcold-voice-control-black,هاير تكييف Smart Ultra 2.25 حصان انفرتر بارد ساخن تحكم صوتي أسود,Haier Air Conditioner Smart Ultra 2.25 HP Inverter Hot/Cold Voice Control Black,مكيفات هواء,AIR CONDITIONER,Rezk Store,52100.00,active,2026-08-22 21:04:11.714
6d5ab90c-b4fd-478f-83d1-6334c16986a4,Smart Ultra  Al Voice Control-1.5HP,haier-air-conditioner-smart-ultra-15-hp-inverter-hotcold-voice-control-black,هاير تكييف Smart Ultra 1.5 حصان انفرتر بارد ساخن تحكم صوتي أسود,Haier Air Conditioner Smart Ultra 1.5 HP Inverter Hot/Cold Voice Control Black,مكيفات هواء,AIR CONDITIONER,Rezk Store,32800.00,active,2026-08-22 21:04:11.709
b04df73a-ce72-4f2d-ae07-42dbd79214e0,Smart UV Inverter-3HP,haier-air-conditioner-smart-uv-3-hp-inverter-hotcold-uv-white,هاير تكييف Smart UV 3 حصان انفرتر بارد ساخن UV أبيض,Haier Air Conditioner Smart UV 3 HP Inverter Hot/Cold UV White,مكيفات هواء,AIR CONDITIONER,Rezk Store,48550.00,active,2026-08-22 21:04:11.702
add0d5f0-1660-4937-bc26-d311d08620b8,Smart UV Inverter-2.25HP,haier-air-conditioner-smart-uv-225-hp-inverter-hotcold-uv-white,هاير تكييف Smart UV 2.25 حصان انفرتر بارد ساخن UV أبيض,Haier Air Conditioner Smart UV 2.25 HP Inverter Hot/Cold UV White,مكيفات هواء,AIR CONDITIONER,Rezk Store,41700.00,active,2026-08-22 21:04:11.697
b6f88902-82c7-4c62-8c4d-addb944a5e79,Smart UV Inverter-1.5HP,haier-air-conditioner-smart-uv-15-hp-inverter-hotcold-uv-white,هاير تكييف Smart UV 1.5 حصان انفرتر بارد ساخن UV أبيض,Haier Air Conditioner Smart UV 1.5 HP Inverter Hot/Cold UV White,مكيفات هواء,AIR CONDITIONER,Rezk Store,27900.00,active,2026-08-22 21:04:11.681
aa299381-1bb7-4d6d-bffb-dd6e271988d0,Smart ECO Inverter-3HP,haier-air-conditioner-smart-eco-3-hp-inverter-cooling-white,هاير تكييف Smart ECO 3 حصان انفرتر بارد أبيض,Haier Air Conditioner Smart ECO 3 HP Inverter Cooling White,مكيفات هواء,AIR CONDITIONER,Rezk Store,46000.00,active,2026-08-22 21:04:11.669
0be382f2-965e-4b93-aa9a-ac9636cc204e,Smart ECO Inverter-2.25HP,haier-air-conditioner-smart-eco-225-hp-inverter-cooling-white,هاير تكييف Smart ECO 2.25 حصان انفرتر بارد أبيض,Haier Air Conditioner Smart ECO 2.25 HP Inverter Cooling White,مكيفات هواء,AIR CONDITIONER,Rezk Store,38750.00,active,2026-08-22 21:04:11.661
f39e5e8b-9fd6-4bc8-ada3-0f49784d65e3,Smart ECO Inverter-1.5HP,haier-air-conditioner-smart-eco-15-hp-inverter-cooling-white,هاير تكييف Smart ECO 1.5 حصان انفرتر بارد أبيض,Haier Air Conditioner Smart ECO 1.5 HP Inverter Cooling White,مكيفات هواء,AIR CONDITIONER,Rezk Store,25800.00,active,2026-08-22 21:04:11.651
b98d3e11-1162-4400-b9d6-73fcf6cea214,Smart Cool Inverter New-1.5HP,haier-air-conditioner-smart-cool-15-hp-inverter-cooling-white,هاير تكييف Smart Cool 1.5 حصان انفرتر بارد أبيض,Haier Air Conditioner Smart Cool 1.5 HP Inverter Cooling White,مكيفات هواء,AIR CONDITIONER,Rezk Store,24750.00,active,2026-08-22 21:04:11.645
124c4425-1689-4b6b-9007-98f8155d130a,Smart Cool-3HP,haier-air-conditioner-smart-cool-3-hp-cooling-white,هاير تكييف Smart Cool 3 حصان بارد أبيض,Haier Air Conditioner Smart Cool 3 HP Cooling White,مكيفات هواء,AIR CONDITIONER,Rezk Store,41800.00,active,2026-08-22 21:04:11.635
c78eb72c-813c-47af-9180-49210918407a,Smart Cool-2.25HP,haier-air-conditioner-smart-cool-225-hp-cooling-white,هاير تكييف Smart Cool 2.25 حصان بارد أبيض,Haier Air Conditioner Smart Cool 2.25 HP Cooling White,مكيفات هواء,AIR CONDITIONER,Rezk Store,35100.00,active,2026-08-22 21:04:11.621
166a7e1b-6d61-4fc8-8add-5b7fa7563b4a,Smart Cool-1.5HP,haier-air-conditioner-smart-cool-15-hp-cooling-white,هاير تكييف Smart Cool 1.5 حصان بارد أبيض,Haier Air Conditioner Smart Cool 1.5 HP Cooling White,مكيفات هواء,AIR CONDITIONER,Rezk Store,23750.00,active,2026-08-22 21:04:11.605
44c03aa9-c571-4ae3-b501-1c0c3e05489b,TM 2036 S,beko-electric-grill-tm-2036-s-1800-watt,بيكو شواية كهربائية TM 2036 S 1800 واط,Beko Electric Grill TM 2036 S 1800 Watt,شوايات,Grill,Rezk Store,3799.00,active,2026-08-22 20:47:05.164
16069a62-c98c-44fd-a571-de33951a4c88,TM 5306 S,beko-electric-grill-tm-5306-s-2000-watt,بيكو شواية كهربائية TM 5306 S 2000 واط,Beko Electric Grill TM 5306 S 2000 Watt,شوايات,Grill,Rezk Store,2899.00,active,2026-08-22 20:47:05.161
ee133ab9-3298-4363-892d-6105161c899c,TM 3441 S,beko-electric-grill-tm-3441-s-1800-watt,بيكو شواية كهربائية TM 3441 S 1800 واط,Beko Electric Grill TM 3441 S 1800 Watt,شوايات,Grill,Rezk Store,3499.00,active,2026-08-22 20:47:05.157
f44c8340-45d0-481f-9be9-5c8ca9bc06d7,TM 5206 G,beko-electric-grill-tm-5206-g-2000-watt,بيكو شواية كهربائية TM 5206 G 2000 واط,Beko Electric Grill TM 5206 G 2000 Watt,شوايات,Grill,Rezk Store,3999.00,active,2026-08-22 20:47:05.151
87613781-5a3d-442b-ba26-2a61c8632313,FRL 5388 B,beko-air-fryer-frl-5388-b-85-liters-black,بيكو قلاية هوائية FRL 5388 B 8.5 لتر أسود,Beko Air Fryer FRL 5388 B 8.5 Liters Black,قلايات,Air Fryer,Rezk Store,12999.00,active,2026-08-22 20:44:47.414
67516896-d9da-44b2-b474-a3fb1a0284ec,FRL 3374 B,beko-air-fryer-frl-3374-b-76-liters-black,بيكو قلاية هوائية FRL 3374 B 7.6 لتر أسود,Beko Air Fryer FRL 3374 B 7.6 Liters Black,قلايات,Air Fryer,Rezk Store,6899.00,active,2026-08-22 20:44:47.409
a2942a1e-a8a5-4a88-a60d-b2e96a036f77,FRL 2244 B,beko-air-fryer-frl-2244-b-47-liters-black,بيكو قلاية هوائية FRL 2244 B 4.7 لتر أسود,Beko Air Fryer FRL 2244 B 4.7 Liters Black,قلايات,Air Fryer,Rezk Store,4999.00,active,2026-08-22 20:44:47.405
b8081b4d-8657-42be-ac45-7aa3dbef30cd,FRL 2242 B,beko-air-fryer-frl-2242-b-47-liters-black,بيكو قلاية هوائية FRL 2242 B 4.7 لتر أسود,Beko Air Fryer FRL 2242 B 4.7 Liters Black,قلايات,Air Fryer,Rezk Store,5599.00,active,2026-08-22 20:44:47.398
00eb6d61-01e2-40db-ba14-df80df3e9643,WKM 73221,beko-kettle-wkm-73221-17-liters-stainless-steel,بيكو غلاية مياه WKM 73221 1.7 لتر ستانلس ستيل,Beko Kettle WKM 73221 1.7 Liters Stainless Steel,قلايات,Air Fryer,Rezk Store,2499.00,active,2026-08-22 20:44:47.384
c7fcd000-2e40-4d6c-a2ba-86d6442e88b0,STM 4116 B,beko-iron-stm-4116-b-1600-watt-black,بيكو مكواة STM 4116 B 1600 واط أسود,Beko Iron STM 4116 B 1600 Watt Black,مكواة,Iron,Rezk Store,3099.00,active,2026-08-22 20:41:03.095
c047233a-1f38-4c1a-a76a-5285df9a2172,SIM 8130 P,beko-iron-sim-8130-p-3000-watt-rose,بيكو مكواة SIM 8130 P 3000 واط روز,Beko Iron SIM 8130 P 3000 Watt Rose,مكواة,Iron,Rezk Store,3799.00,active,2026-08-22 20:41:03.09
09ac9751-637e-4458-addd-cd75cef021da,SPA 9130 B,beko-iron-spa-9130-b-3000-watt-black,بيكو مكواة SPA 9130 B 3000 واط أسود,Beko Iron SPA 9130 B 3000 Watt Black,مكواة,Iron,Rezk Store,4199.00,active,2026-08-22 20:41:03.085
b88a534e-1d98-4fcd-b20d-a3a752f94fb1,SIM 3126 R,beko-iron-sim-3126-r-2600-watt-burgundy,بيكو مكواة SIM 3126 R 2600 واط نبيتي,Beko Iron SIM 3126 R 2600 Watt Burgundy,مكواة,Iron,Rezk Store,2000.00,active,2026-08-22 20:41:03.081
5ea901e5-3744-402b-a558-f15a5ba89e18,SIM 5124 A,beko-iron-sim-5124-a-2400-watt-black,بيكو مكواة SIM 5124 A 2400 واط أسود,Beko Iron SIM 5124 A 2400 Watt Black,مكواة,Iron,Rezk Store,2899.00,active,2026-08-22 20:41:03.075
5f00c6b2-61b1-4b1b-b0b6-c1abafdac812,SIM 3122 T,beko-iron-sim-3122-t-2200-watt-turquoise,بيكو مكواة SIM 3122 T 2200 واط تركواز,Beko Iron SIM 3122 T 2200 Watt Turquoise,مكواة,Iron,Rezk Store,1599.00,active,2026-08-22 20:41:03.068
debecf2b-7e2a-483f-b24a-c3bff3358aa8,SIM3617,beko-iron-sim3617-1800-watt-purple,بيكو مكواة SIM3617 1800 واط بنفسجي,Beko Iron SIM3617 1800 Watt Purple,مكواة,Iron,Rezk Store,999.00,active,2026-08-22 20:41:03.059
bc6a1805-e3ad-43f3-b0e7-ee513fb4bb60,VRR 94314 VB,beko-vacuum-cleaner-vrr-94314-vb,بيكو مكنسة كهربائية VRR 94314 VB,Beko Vacuum Cleaner VRR 94314 VB,مكانس كهربائية,Vacuum cleaner,Rezk Store,27599.00,active,2026-08-22 20:35:31.285
bc3977f5-1dd7-4e40-ad93-6b79b3dd06fe,VRT 84225 VI,beko-vacuum-cleaner-vrt-84225-vi-110-watt,بيكو مكنسة كهربائية VRT 84225 VI 110 واط,Beko Vacuum Cleaner VRT 84225 VI 110 Watt,مكانس كهربائية,Vacuum cleaner,Rezk Store,14599.00,active,2026-08-22 20:35:31.279
e080f0e7-9c4b-42a2-afde-9793195e35aa,VRT 60221 VD,beko-vacuum-cleaner-vrt-60221-vd-110-watt,بيكو مكنسة كهربائية VRT 60221 VD 110 واط,Beko Vacuum Cleaner VRT 60221 VD 110 Watt,مكانس كهربائية,Vacuum cleaner,Rezk Store,9999.00,active,2026-08-22 20:35:31.274
5fb234ff-7d75-4a06-9f59-8062ddedcd16,VRT 50121 VR,beko-vacuum-cleaner-vrt-50121-vr-110-watt,بيكو مكنسة كهربائية VRT 50121 VR 110 واط,Beko Vacuum Cleaner VRT 50121 VR 110 Watt,مكانس كهربائية,Vacuum cleaner,Rezk Store,8599.00,active,2026-08-22 20:35:31.269
d8beda96-3af4-4786-9e1e-dcb86d6b2596,VCC 54320 WP,beko-vacuum-cleaner-vcc-54320-wp-1800-watt,بيكو مكنسة كهربائية VCC 54320 WP 1800 واط بنفسجى,Beko Vacuum Cleaner VCC 54320 WP 1800 Watt,مكانس كهربائية,Vacuum cleaner,Rezk Store,6499.00,active,2026-08-22 20:35:31.265
efadff92-bec6-4500-86dd-a60d46b6ddd7,VCO 64320 WD,beko-vacuum-cleaner-vco-64320-wd-1800-watt-blue,بيكو مكنسة كهربائية VCO 64320 WD 1800 واط أزرق,Beko Vacuum Cleaner VCO 64320 WD 1800 Watt Blue,مكانس كهربائية,Vacuum cleaner,Rezk Store,5799.00,active,2026-08-22 20:35:31.259
19e25f15-b27f-47c2-8050-fc738561cd0b,VCC 5424 WI,beko-vacuum-cleaner-vcc-5424-wi-black,بيكو مكنسة كهربائية VCC 5424 WI أسود,Beko Vacuum Cleaner VCC 5424 WI Black,مكانس كهربائية,Vacuum cleaner,Rezk Store,5499.00,active,2026-08-22 20:35:31.255
247ed9ff-32d1-4d59-bd51-0d05bfa45b1d,VCO 32818 WR,beko-vacuum-cleaner-vco-32818-wr-2000-watt-red,بيكو مكنسة كهربائية VCO 32818 WR 2000 واط أحمر,Beko Vacuum Cleaner VCO 32818 WR 2000 Watt Red,مكانس كهربائية,Vacuum cleaner,Rezk Store,5199.00,active,2026-08-22 20:35:31.25
72de53e1-0cf9-468b-95da-f4a890092de9,MGF30330S,beko-electric-grill-mgf30330s-900-watt-silver,بيكو شواية كهربائية MGF30330S 900 واط فضي,Beko Electric Grill MGF30330S 900 Watt Silver,شوايات,Grill,Rezk Store,6999.00,active,2026-08-22 20:34:09.893
568bf4d6-209d-450d-9ec6-e40180532d20,MGF23330S,beko-electric-grill-mgf23330s-900-watt-silver,بيكو شواية كهربائية MGF23330S 900 واط فضي,Beko Electric Grill MGF23330S 900 Watt Silver,شوايات,Grill,Rezk Store,6299.00,active,2026-08-22 20:34:09.886
e0af258a-4334-49ce-bb4a-9fb82ae05521,MOC20100BFB,beko-electric-grill-moc20100bfb-700-watt-black,بيكو شواية كهربائية MOC20100BFB 700 واط أسود,Beko Electric Grill MOC20100BFB 700 Watt Black,شوايات,Grill,Rezk Store,3999.00,active,2026-08-22 20:34:09.877
c49c9e8c-a032-4a61-a8f8-1ac4fb93af26,CFB 9433 XFE,beko-hood-cfb-9433-xfe-90-cm-stainless-steel,بيكو شفاط CFB 9433 XFE 90 سم ستانلس ستيل,Beko Hood CFB 9433 XFE 90 cm Stainless Steel,شفاطات,Ventilating fan,Rezk Store,7489.00,active,2026-08-22 20:31:00.459
dd316de0-8977-4ab8-9f7c-9ed79f86685f,CFB 9433 XF,beko-hood-cfb-9433-xf-90-cm-stainless-steel,بيكو شفاط CFB 9433 XF 90 سم ستانلس ستيل,Beko Hood CFB 9433 XF 90 cm Stainless Steel,شفاطات,Ventilating fan,Rezk Store,7489.00,active,2026-08-22 20:31:00.447
02eeb82e-a87e-4b25-80ae-594a217891b8,BHCA96641BFBHSE,beko-hood-bhca96641bfbhse-90-cm-black,بيكو شفاط BHCA96641BFBHSE 90 سم أسود,Beko Hood BHCA96641BFBHSE 90 cm Black,شفاطات,Ventilating fan,Rezk Store,20579.00,active,2026-08-22 20:31:00.437
886e6681-5393-4d7b-b867-d9a9dc33ef9a,HCA92640BНЕ,beko-hood-hca92640bne-90-cm-black,بيكو شفاط HCA92640BНЕ 90 سم أسود,Beko Hood HCA92640BНЕ 90 cm Black,شفاطات,Ventilating fan,Rezk Store,15479.00,active,2026-08-22 20:31:00.428
c76c1797-907f-4eaa-82f8-f17f26816479,BHCA66641BFBHSE,beko-hood-bhca66641bfbhse-60-cm-black,بيكو شفاط BHCA66641BFBHSE 60 سم أسود,Beko Hood BHCA66641BFBHSE 60 cm Black,شفاطات,Ventilating fan,Rezk Store,14999.00,active,2026-08-22 20:31:00.418
66c492b8-308d-403b-ab20-70e9cde8f066,CFB 6433 XFE,beko-hood-cfb-6433-xfe-60-cm-stainless-steel,بيكو شفاط CFB 6433 XFE 60 سم ستانلس ستيل,Beko Hood CFB 6433 XFE 60 cm Stainless Steel,شفاطات,Ventilating fan,Rezk Store,3999.00,active,2026-08-22 20:31:00.407
b6a3e739-799c-4643-a750-8d27341eaf21,HCA62640ВЕ,beko-hood-hca62640ve-60-cm-black,بيكو شفاط HCA62640ВЕ 60 سم أسود,Beko Hood HCA62640ВЕ 60 cm Black,شفاطات,Ventilating fan,Rezk Store,11149.00,active,2026-08-22 20:31:00.377
204ceb2b-5ad3-412a-a1b0-65b4bf3cfcf1,BBWHT12300BS,beko-built-in-oven-bbwht12300bs-90-cm-black,بيكو فرن بيلت ان BBWHT12300BS 90 سم أسود,Beko Built-in Oven BBWHT12300BS 90 cm Black,مسطحات,Hobs,Rezk Store,25829.00,active,2026-08-22 20:27:24.611
9e432b73-b277-4d43-a99f-78d17c613c85,BBWHT12300XS,beko-built-in-oven-bbwht12300xs-90-cm-stainless-steel,بيكو فرن بيلت ان BBWHT12300XS 90 سم ستانلس ستيل,Beko Built-in Oven BBWHT12300XS 90 cm Stainless Steel,مسطحات,Hobs,Rezk Store,25199.00,active,2026-08-22 20:27:24.602
64ad5ff2-ff67-41c4-b7cd-b148ed484395,BBWHT12106BS,beko-built-in-oven-bbwht12106bs-90-cm-black,بيكو فرن بيلت ان BBWHT12106BS 90 سم أسود,Beko Built-in Oven BBWHT12106BS 90 cm Black,مسطحات,Hobs,Rezk Store,24889.00,active,2026-08-22 20:27:24.597
c88cbadb-f07d-4d7e-a2f2-bccd0a3be824,BBWHT12106XS,beko-built-in-oven-bbwht12106xs-90-cm-stainless-steel,بيكو فرن بيلت ان BBWHT12106XS 90 سم ستانلس ستيل,Beko Built-in Oven BBWHT12106XS 90 cm Stainless Steel,مسطحات,Hobs,Rezk Store,24359.00,active,2026-08-22 20:27:24.593
5a85485e-600a-4e3c-b779-b9b5824ccd2e,BBVM13400XDS,beko-built-in-oven-bbvm13400xds-60-cm,بيكو فرن بيلت ان BBVM13400XDS 60 سم,Beko Built-in Oven BBVM13400XDS 60 cm,مسطحات,Hobs,Rezk Store,25409.00,active,2026-08-22 20:27:24.584
35f6bce7-4956-4f05-90bb-144de8446b89,BBIS13300XMSE,beko-built-in-oven-bbis13300xmse-60-cm,بيكو فرن بيلت ان BBIS13300XMSE 60 سم,Beko Built-in Oven BBIS13300XMSE 60 cm,مسطحات,Hobs,Rezk Store,25169.00,active,2026-08-22 20:27:24.58
7cf76682-bc61-4d20-817b-377e0c0b9d7c,BBIH12100BC,beko-built-in-oven-bbih12100bc-60-cm-black,بيكو فرن بيلت ان BBIH12100BC 60 سم أسود,Beko Built-in Oven BBIH12100BC 60 cm Black,مسطحات,Hobs,Rezk Store,19869.00,active,2026-08-22 20:27:24.574
f6febe4e-6bf5-4b07-8097-4791cce56079,BBIH12100XC,beko-built-in-oven-bbih12100xc-60-cm,بيكو فرن بيلت ان BBIH12100XC 60 سم,Beko Built-in Oven BBIH12100XC 60 cm,مسطحات,Hobs,Rezk Store,19549.00,active,2026-08-22 20:27:24.567
6a72a6c5-2393-4456-8e3d-3966ed6d71be,HIC 64503 TX,beko-built-in-hob-hic-64503-tx-60-cm-black,بيكو مسطح بيلت ان HIC 64503 TX 60 سم أسود,Beko Built-in Hob HIC 64503 TX 60 cm Black,مسطحات,Hobs,Rezk Store,19529.00,active,2026-08-22 20:22:43.526
d31c3bee-715a-4567-b027-36e65a6a2789,HISW 95226 SEL,beko-built-in-hob-hisw-95226-sel-90-cm-black,بيكو مسطح بيلت ان HISW 95226 SEL 90 سم أسود,Beko Built-in Hob HISW 95226 SEL 90 cm Black,مسطحات,Hobs,Rezk Store,20799.00,active,2026-08-22 20:22:43.521
552af8d9-42dd-4788-be20-a2ea00893415,HIMW 95226 SXEL,beko-built-in-hob-himw-95226-sxel-90-cm-stainless-steel,بيكو مسطح بيلت ان HIMW 95226 SXEL 90 سم ستانلس ستيل,Beko Built-in Hob HIMW 95226 SXEL 90 cm Stainless Steel,مسطحات,Hobs,Rezk Store,20489.00,active,2026-08-22 20:22:43.516
13bffdcb-a583-494f-9389-590aefca18b1,HILW 64222 SE,beko-built-in-hob-hilw-64222-se-60-cm-black,بيكو مسطح بيلت ان HILW 64222 SE 60 سم أسود,Beko Built-in Hob HILW 64222 SE 60 cm Black,مسطحات,Hobs,Rezk Store,12999.00,active,2026-08-22 20:22:43.509
9d3a22b7-94ef-4cfa-8f45-4ae2204c23dc,HIAW 64225 BX,beko-built-in-hob-hiaw-64225-bx-60-cm-black,بيكو مسطح بيلت ان HIAW 64225 BX 60 سم أسود,Beko Built-in Hob HIAW 64225 BX 60 cm Black,مسطحات,Hobs,Rezk Store,10919.00,active,2026-08-22 20:22:43.505
c24bf852-ac78-4a2e-a9c3-bfaabdb5fa76,HIAW 64225 SX,beko-built-in-hob-hiaw-64225-sx-60-cm-stainless-steel,بيكو مسطح بيلت ان HIAW 64225 SX 60 سم ستانلس ستيل,Beko Built-in Hob HIAW 64225 SX 60 cm Stainless Steel,مسطحات,Hobs,Rezk Store,12999.00,active,2026-08-22 20:22:43.497
c7192d67-e9ed-4770-bf03-e4cb0c651dfc,HDMC 32400 TX,beko-built-in-hob-hdmc-32400-tx-30-cm-black,بيكو مسطح بيلت ان HDMC 32400 TX 30 سم أسود,Beko Built-in Hob HDMC 32400 TX 30 cm Black,مسطحات,Hobs,Rezk Store,8819.00,active,2026-08-22 20:22:43.485
70513f30-6a65-4747-91e6-f2cd34dd56c3,BICT2421X,beko-air-conditioner-bict2421x-3-hp-white,بيكو تكييف BICT2421X 3 حصان أبيض,Beko Air Conditioner BICT2421X 3 HP White,مكيفات هواء,AIR CONDITIONER,Rezk Store,46299.00,active,2026-08-22 20:16:35.509
6b687129-c4a9-4530-80eb-dabf2e8a699e,BICT1821X,beko-air-conditioner-bict1821x-225-hp-white,بيكو تكييف BICT1821X 2.25 حصان أبيض,Beko Air Conditioner BICT1821X 2.25 HP White,مكيفات هواء,AIR CONDITIONER,Rezk Store,43199.00,active,2026-08-22 20:16:35.507
45c83883-a99c-4081-a991-9a77e68a657a,BICT1221N,beko-air-conditioner-bict1221n-15-hp-white,بيكو تكييف BICT1221N 1.5 حصان أبيض,Beko Air Conditioner BICT1221N 1.5 HP White,مكيفات هواء,AIR CONDITIONER,Rezk Store,28099.00,active,2026-08-22 20:16:35.504
bf61458a-ef98-4c69-81b3-f66cb835a68f,BIE 240,beko-air-conditioner-bie-240-3-hp-white,بيكو تكييف BIE 240 3 حصان أبيض,Beko Air Conditioner BIE 240 3 HP White,مكيفات هواء,AIR CONDITIONER,Rezk Store,43999.00,active,2026-08-22 20:16:35.5
3dc1f048-0b20-4ab2-893a-795efbdca988,BIE 180,beko-air-conditioner-bie-180-225-hp-white,بيكو تكييف BIE 180 2.25 حصان أبيض,Beko Air Conditioner BIE 180 2.25 HP White,مكيفات هواء,AIR CONDITIONER,Rezk Store,40799.00,active,2026-08-22 20:16:35.497
39b89cca-1052-4d93-8576-bdc6f5a5d9a5,BIE 120,beko-air-conditioner-bie-120-15-hp-white,بيكو تكييف BIE 120 1.5 حصان أبيض,Beko Air Conditioner BIE 120 1.5 HP White,مكيفات هواء,AIR CONDITIONER,Rezk Store,25999.00,active,2026-08-22 20:16:35.494
1bc124a7-576f-4405-a82a-dec41581ad1e,BIHT245W0SX,beko-air-conditioner-biht245w0sx-3-hp,بيكو تكييف BIHT245W0SX 3 حصان,Beko Air Conditioner BIHT245W0SX 3 HP,مكيفات هواء,AIR CONDITIONER,Rezk Store,51599.00,active,2026-08-22 20:16:35.49
f0e1de13-cfa0-4dbf-b2f2-0882b7b4ec29,BIHT185WOSX,beko-air-conditioner-biht185wosx-225-hp,بيكو تكييف BIHT185WOSX 2.25 حصان,Beko Air Conditioner BIHT185WOSX 2.25 HP,مكيفات هواء,AIR CONDITIONER,Rezk Store,47999.00,active,2026-08-22 20:16:35.486
461dce13-8abd-4b5d-8569-234569bd2272,BIHT125W0SX,beko-air-conditioner-biht125w0sx-15-hp,بيكو تكييف BIHT125W0SX 1.5 حصان,Beko Air Conditioner BIHT125W0SX 1.5 HP,مكيفات هواء,AIR CONDITIONER,Rezk Store,33499.00,active,2026-08-22 20:16:35.477
e8bf9af6-da48-421b-9706-1bcd18c28bd9,BGGR 11225 GB2,beko-cooker-bggr-11225-gb2-90x60-cm-black,بيكو بوتاجاز BGGR 11225 GB2 90x60 سم أسود,Beko Cooker BGGR 11225 GB2 90x60 cm Black,بوتاجازات,COOKERS,Rezk Store,18799.00,active,2026-08-22 20:05:08.052
743ee733-926c-47cd-bb42-23e919bbd1b6,BGGR 11225 GX2,beko-cooker-bggr-11225-gx2-90x60-cm-stainless-steel,بيكو بوتاجاز BGGR 11225 GX2 90x60 سم ستانلس ستيل,Beko Cooker BGGR 11225 GX2 90x60 cm Stainless Steel,بوتاجازات,COOKERS,Rezk Store,19499.00,active,2026-08-22 20:05:08.049
4a7d8caa-a879-479b-9c50-cd3f120b64eb,BGGR 11215 GX2,beko-cooker-bggr-11215-gx2-90x60-cm-stainless-steel,بيكو بوتاجاز BGGR 11215 GX2 90x60 سم ستانلس ستيل,Beko Cooker BGGR 11215 GX2 90x60 cm Stainless Steel,بوتاجازات,COOKERS,Rezk Store,17999.00,active,2026-08-22 20:05:08.044
7fe0107b-e068-4fe9-8f63-51c447e13264,BGGR 11125 GB,beko-cooker-bggr-11125-gb-90x60-cm-stainless-steel,بيكو بوتاجاز BGGR 11125 GB 90x60 سم ستانلس ستيل,Beko Cooker BGGR 11125 GB 90x60 cm Stainless Steel,بوتاجازات,COOKERS,Rezk Store,16999.00,active,2026-08-22 20:05:08.04
92c0ff2a-85f4-4647-938a-20c2844bd080,BGGR 12113 GXF,beko-cooker-bggr-12113-gxf-90x60-cm-stainless-steel,بيكو بوتاجاز BGGR 12113 GXF 90x60 سم ستانلس ستيل,Beko Cooker BGGR 12113 GXF 90x60 cm Stainless Steel,بوتاجازات,COOKERS,Rezk Store,15499.00,active,2026-08-22 20:05:08.031
3390de98-a99a-4c83-b390-2b89517c3834,BGWH 10LS,beko-water-heater-bgwh-10ls-10-liters,بيكو سخان مياه BGWH 10LS 10 لتر,Beko Water Heater BGWH 10LS 10 Liters,"سخانات غاز""",Gas Water Heater,Rezk Store,5729.00,active,2026-08-22 19:52:13.272
cb060c12-9361-418a-8a12-2f72df96deef,BGWH 6LS,beko-water-heater-bgwh-6ls-6-liters,بيكو سخان مياه BGWH 6LS 6 لتر,Beko Water Heater BGWH 6LS 6 Liters,"سخانات غاز""",Gas Water Heater,Rezk Store,4629.00,active,2026-08-22 19:52:13.268
998ba90b-a716-4479-83df-f63a08ca981e,BGWH 10LW,beko-water-heater-bgwh-10lw-10-liters-white,بيكو سخان مياه BGWH 10LW 10 لتر أبيض,Beko Water Heater BGWH 10LW 10 Liters White,"سخانات غاز""",Gas Water Heater,Rezk Store,5629.00,active,2026-08-22 19:52:13.264
0905b2c4-0110-4dfa-be8a-06ed503bbf15,BGWH 6LW,beko-water-heater-bgwh-6lw-6-liters-white,بيكو سخان مياه BGWH 6LW 6 لتر أبيض,Beko Water Heater BGWH 6LW 6 Liters White,"سخانات غاز""",Gas Water Heater,Rezk Store,4519.00,active,2026-08-22 19:52:13.259
894b1704-7c43-4afb-894d-f9b9674fab5b,BDFN36531XCPI,beko-dishwasher-bdfn36531xcpi-15-place-sets,بيكو غسالة اطباق BDFN36531XCPI 15 فرد,Beko Dishwasher BDFN36531XCPI 15 Place Sets,"غسالات الاطباق""",DISH WASHER,Rezk Store,34999.00,active,2026-08-22 19:48:31.668
11982821-d344-4583-af44-579540a0f15d,BDFN36531GB,beko-dishwasher-bdfn36531gb-15-place-sets,بيكو غسالة اطباق BDFN36531GB 15 فرد,Beko Dishwasher BDFN36531GB 15 Place Sets,"غسالات الاطباق""",DISH WASHER,Rezk Store,33499.00,active,2026-08-22 19:48:31.664
64dab5a3-98ba-4df7-a81a-bcae2c8c23ff,BDFN36531XC,beko-dishwasher-bdfn36531xc,بيكو غسالة اطباق BDFN36531XC,Beko Dishwasher BDFN36531XC,"غسالات الاطباق""",DISH WASHER,Rezk Store,31499.00,active,2026-08-22 19:48:31.66
d3085cf0-42d5-46b6-85cc-6ea8eefb8da7,BDFN26520XQ,beko-dishwasher-bdfn26520xq-15-place-sets,بيكو غسالة اطباق BDFN26520XQ 15 فرد,Beko Dishwasher BDFN26520XQ 15 Place Sets,"غسالات الاطباق""",DISH WASHER,Rezk Store,26499.00,active,2026-08-22 19:48:31.655
9a51fb0a-aee6-4aae-8f48-1236d0e66774,BDFN15420B,beko-dishwasher-bdfn15420b-14-place-sets,بيكو غسالة اطباق BDFN15420B 14 فرد,Beko Dishwasher BDFN15420B 14 Place Sets,"غسالات الاطباق""",DISH WASHER,Rezk Store,19499.00,active,2026-08-22 19:48:31.652
99ad189d-1abf-4479-9e50-8216a2cc4be1,BDFN15420S,beko-dishwasher-bdfn15420s,بيكو غسالة اطباق BDFN15420S,Beko Dishwasher BDFN15420S,"غسالات الاطباق""",DISH WASHER,Rezk Store,19499.00,active,2026-08-22 19:48:31.648
a08f1605-178c-4866-aaa1-34457987fe07,DVN05322ST,beko-dishwasher-dvn05322st,بيكو غسالة اطباق DVN05322ST,Beko Dishwasher DVN05322ST,"غسالات الاطباق""",DISH WASHER,Rezk Store,16499.00,active,2026-08-22 19:48:31.646
8a816095-8ab8-4303-9cbc-01ff01d517e9,BDFS150208,beko-dishwasher-bdfs150208-10-place-sets,بيكو غسالة اطباق BDFS150208 10 فرد,Beko Dishwasher BDFS150208 10 Place Sets,"غسالات الاطباق""",DISH WASHER,Rezk Store,15499.00,active,2026-08-22 19:48:31.643
a87d33aa-fa4f-42e7-b48f-851ff884978d,DVS05020S,beko-dishwasher-dvs05020s-10-place-sets,بيكو غسالة اطباق DVS05020S 10 فرد,Beko Dishwasher DVS05020S 10 Place Sets,"غسالات الاطباق""",DISH WASHER,Rezk Store,14499.00,active,2026-08-22 19:48:31.64
9301087c-6766-4ae2-96a2-050355a65573,DVN05325X,beko-dishwasher-dvn05325x-inox,بيكو غسالة اطباق DVN05325X إنوكس,Beko Dishwasher DVN05325X Inox,"غسالات الاطباق""",DISH WASHER,Rezk Store,21524.00,active,2026-08-22 19:48:31.637
c6c2b5cd-d29c-48de-9f1b-b4e7ee714c9c,DVN053225,beko-dishwasher-dvn053225-13-place-sets,بيكو غسالة اطباق DVN053225 13 فرد,Beko Dishwasher DVN053225 13 Place Sets,"غسالات الاطباق""",DISH WASHER,Rezk Store,20999.00,active,2026-08-22 19:48:31.631
8e428f31-9ca4-4c71-8972-e394688e535f,WTV 8612 2XMCI,beko-washing-machine-wtv-8612-2xmci-8-kg,بيكو غسالة ملابس WTV 8612 2XMCI حمولة 8 كيلو,Beko Washing Machine WTV 8612 2XMCI 8 KG,غسالات ملابس,WASHING MACHINE,Rezk Store,16999.00,active,2026-08-22 19:46:52.251
9a90fb07-7c55-4f72-938f-33824431012e,WTV 7512 XMC12,beko-washing-machine-wtv-7512-xmc12-7-kg,بيكو غسالة ملابس WTV 7512 XMC12 حمولة 7 كيلو,Beko Washing Machine WTV 7512 XMC12 7 KG,غسالات ملابس,WASHING MACHINE,Rezk Store,14999.00,active,2026-08-22 19:46:52.236
bf9354bb-4a91-4a9c-b10f-d2c9f3755eea,WTV7512XBCI,beko-washing-machine-wtv7512xbci-7-kg-black,بيكو غسالة ملابس WTV7512XBCI حمولة 7 كيلو أسود,Beko Washing Machine WTV7512XBCI 7 KG Black,غسالات ملابس,WASHING MACHINE,Rezk Store,14999.00,active,2026-08-22 19:46:52.231
2ba1cc2a-da8c-44ce-b118-f1cba555f475,HC7D3627G,lg-hood-hc7d3627g-90-cm-black,ال جي شفاط HC7D3627G 90 سم أسود,LG Hood HC7D3627G 90 cm Black,شفاطات,Ventilating fan,Rezk Store,12990.00,active,2026-08-22 19:35:15.991
f2538367-28bf-418b-b90b-4afc7a54d2ad,HC5D3625S,lg-hood-hc5d3625s-90-cm-blacksts,ال جي شفاط HC5D3625S 90 سم أسود وستانلس,LG Hood HC5D3625S 90 cm Black+STS,شفاطات,Ventilating fan,Rezk Store,11990.00,active,2026-08-22 19:35:15.985
6f9c380f-3f77-4d50-bae4-9d0aace74018,HC5D2425S,lg-hood-hc5d2425s-60-cm-black-sts,ال جي شفاط HC5D2425S 60 سم أسود وستانلس,LG Hood HC5D2425S 60 cm Black STS,شفاطات,Ventilating fan,Rezk Store,9990.00,active,2026-08-22 19:35:15.979
f889a4b6-16c8-4af8-8682-d791de52ba08,HC7Z2425S,lg-hood-hc7z2425s-60-cm-blacksts,ال جي شفاط HC7Z2425S 60 سم أسود وستانلس,LG Hood HC7Z2425S 60 cm Black+STS,شفاطات,Ventilating fan,Rezk Store,15990.00,active,2026-08-22 19:35:15.972
21bfde3a-f3af-49f5-bd6b-42ccb77fcfb6,HCEZ2428B,lg-hood-hcez2428b-60-cm-black,ال جي شفاط HCEZ2428B 60 سم أسود,LG Hood HCEZ2428B 60 cm Black,شفاطات,Ventilating fan,Rezk Store,21990.00,active,2026-08-22 19:35:15.967
7942eb7d-4673-4819-aa78-9fc80c4718d8,HC7Z3625S,lg-hood-hc7z3625s-90-cm-blacksts,ال جي شفاط HC7Z3625S 90 سم أسود وستانلس,LG Hood HC7Z3625S 90 cm Black+STS,شفاطات,Ventilating fan,Rezk Store,18990.00,active,2026-08-22 19:35:15.959
595b7c40-d61b-4a0e-af61-24cedc71d0fd,CE5D1211BT,lg-cooker-ce5d1211bt-30-cm-black-glass,ال جي مسطح CE5D1211BT 30 سم زجاج أسود,LG Cooker CE5D1211BT 30 cm Black Glass,مسطحات,Hobs,Rezk Store,6990.00,active,2026-08-22 19:33:39.501
b06e70ac-5e89-489d-97a7-a06a884ece51,HU641BBG,lg-cooker-hu641bbg-60-cm-sts,ال جي مسطح HU641BBG 60 سم ستانلس ستيل,LG Cooker HU641BBG 60 cm STS,مسطحات,Hobs,Rezk Store,15990.00,active,2026-08-22 19:33:39.496
70dc45d2-af97-4566-982c-258a2ae590e8,CG5Z3626S,lg-cooker-cg5z3626s-90-cm-sts,ال جي مسطح CG5Z3626S 90 سم ستانلس ستيل,LG Cooker CG5Z3626S 90 cm STS,مسطحات,Hobs,Rezk Store,19490.00,active,2026-08-22 19:33:39.492
51fca867-361b-437e-bfca-d51890c9f2eb,CBEZ2414B,lg-cooker-cbez2414b-60-cm-black-glass,ال جي مسطح CBEZ2414B 60 سم زجاج أسود,LG Cooker CBEZ2414B 60 cm Black Glass,مسطحات,Hobs,Rezk Store,23990.00,active,2026-08-22 19:33:39.478
16f7cb70-2f22-4057-ac33-558ac5c8e8ad,WSEZM7225S2,lg-oven-wsezm7225s2-60-cm-sts,ال جي فرن WSEZM7225S2 60 سم ستانلس ستيل,LG Oven WSEZM7225S2 60 cm STS,افران بلت ان,built in oven,Rezk Store,29990.00,active,2026-08-22 19:31:44.284
90027aa8-6d1a-4356-89bb-19cffda3f888,WSED7613S,lg-oven-wsed7613s-60-cm-blacksts,ال جي فرن WSED7613S 60 سم أسود وستانلس,LG Oven WSED7613S 60 cm Black+STS,افران بلت ان,built in oven,Rezk Store,56990.00,active,2026-08-22 19:31:44.278
6e14a5eb-4032-4658-8519-3f8f0364a2ed,WSED7667M,lg-oven-wsed7667m-60-cm-black,ال جي فرن WSED7667M 60 سم أسود,LG Oven WSED7667M 60 cm Black,افران بلت ان,built in oven,Rezk Store,75990.00,active,2026-08-22 19:31:44.269
ad964b21-d666-41d6-8c27-5d7f0deb07c1,DFC513FVE,lg-dishwasher-dfc513fve-14-place-sets-silver,ال جي غسالة اطباق DFC513FVE 14 فرد فضي,LG Dishwasher DFC513FVE 14 Place Sets Silver,"غسالات الاطباق""",DISH WASHER,Rezk Store,39990.00,active,2026-08-22 19:30:30.495
a2e99d45-95b9-4fb2-8d5e-a148867c3c6d,DFC435FP,lg-dishwasher-dfc435fp-14-place-sets-silver,ال جي غسالة اطباق DFC435FP 14 فرد فضي,LG Dishwasher DFC435FP 14 Place Sets Silver,"غسالات الاطباق""",DISH WASHER,Rezk Store,44990.00,active,2026-08-22 19:30:30.491
f70cc819-730e-4733-8fc0-d008792ac8d5,DFC287HVS,lg-dishwasher-dfc287hvs-14-place-sets-silver,ال جي غسالة اطباق DFC287HVS 14 فرد فضي,LG Dishwasher DFC287HVS 14 Place Sets Silver,"غسالات الاطباق""",DISH WASHER,Rezk Store,56990.00,active,2026-08-22 19:30:30.486
2107d4e3-d16c-42c9-b467-7ddb71644df7,DFC287HMS,lg-dishwasher-dfc287hms-14-place-sets-matte-black,ال جي غسالة اطباق DFC287HMS 14 فرد أسود مطفي,LG Dishwasher DFC287HMS 14 Place Sets Matte Black,"غسالات الاطباق""",DISH WASHER,Rezk Store,58990.00,active,2026-08-22 19:30:30.48
0d62160e-908d-48e0-ace1-578ef032cc98,T10V1TEHG2,lg-top-load-washing-machine-t10v1tehg2-10kg-middle-black,ال جي غسالة ملابس توب لود T10V1TEHG2 حمولة 10 كيلو أسود,LG Top Load Washing Machine T10V1TEHG2 10KG Middle Black,غسالات ملابس,WASHING MACHINE,Rezk Store,15990.00,active,2026-08-22 19:27:59.839
89c8dc2e-992c-4d8f-8784-b9c8fce39d7d,T11V1TEHGX,lg-top-load-washing-machine-t11v1tehgx-11kg-onyx-black,ال جي غسالة ملابس توب لود T11V1TEHGX حمولة 11 كيلو أسود أونيكس,LG Top Load Washing Machine T11V1TEHGX 11KG Onyx Black,غسالات ملابس,WASHING MACHINE,Rezk Store,17490.00,active,2026-08-22 19:27:59.837
b44a3baa-b420-4686-8cb1-3882e08440ce,T13V1TEHGX,lg-top-load-washing-machine-t13v1tehgx-13kg-onyx-black,ال جي غسالة ملابس توب لود T13V1TEHGX حمولة 13 كيلو أسود أونيكس,LG Top Load Washing Machine T13V1TEHGX 13KG Onyx Black,غسالات ملابس,WASHING MACHINE,Rezk Store,18490.00,active,2026-08-22 19:27:59.834
f7e89637-7762-4c6e-ab48-dc8139cd88d9,T1366NEHG2,lg-top-load-washing-machine-t1366nehg2-13kg-mb,ال جي غسالة ملابس توب لود T1366NEHG2 حمولة 13 كيلو أسود,LG Top Load Washing Machine T1366NEHG2 13KG MB,غسالات ملابس,WASHING MACHINE,Rezk Store,20490.00,active,2026-08-22 19:27:59.83
698a773c-8beb-498d-8bf0-6d772d5ff9bb,T15V1NDHG2A,lg-top-load-washing-machine-t15v1ndhg2a-15kg-mblack,ال جي غسالة ملابس توب لود T15V1NDHG2A حمولة 15 كيلو أسود,LG Top Load Washing Machine T15V1NDHG2A 15KG MBlack/,غسالات ملابس,WASHING MACHINE,Rezk Store,21990.00,active,2026-08-22 19:27:59.827
61ea936b-f6a7-4b1c-96f8-9bce330473a4,T15V2NDHGXB,lg-top-load-washing-machine-t15v2ndhgxb-17kg-onyx-black,ال جي غسالة ملابس توب لود T15V2NDHGXB حمولة 17 كيلو أسود أونيكس,LG Top Load Washing Machine T15V2NDHGXB 17KG Onyx Black,غسالات ملابس,WASHING MACHINE,Rezk Store,23990.00,active,2026-08-22 19:27:59.823
778277e3-41ba-49c4-9dc1-3f125593a47c,T17V1NDHG2,lg-top-load-washing-machine-t17v1ndhg2-17kg-mblack,ال جي غسالة ملابس توب لود T17V1NDHG2 حمولة 17 كيلو أسود,LG Top Load Washing Machine T17V1NDHG2 17KG M/Black,غسالات ملابس,WASHING MACHINE,Rezk Store,24990.00,active,2026-08-22 19:27:59.82
c26a577f-3749-464f-a951-cd2f3f207bd6,T17V2NDHGXA,lg-top-load-washing-machine-t17v2ndhgxa-17kg-onyx-black,ال جي غسالة ملابس توب لود T17V2NDHGXA حمولة 17 كيلو أسود أونيكس,LG Top Load Washing Machine T17V2NDHGXA 17KG Onyx Black,غسالات ملابس,WASHING MACHINE,Rezk Store,25990.00,active,2026-08-22 19:27:59.817
47caa542-8570-4446-970f-ec7dce7abbae,T19V2NDHGX,lg-top-load-washing-machine-t19v2ndhgx-19kg-onyx-black,ال جي غسالة ملابس توب لود T19V2NDHGX حمولة 19 كيلو أسود أونيكس,LG Top Load Washing Machine T19V2NDHGX 19KG Onyx Black,غسالات ملابس,WASHING MACHINE,Rezk Store,26990.00,active,2026-08-22 19:27:59.813
7be098d5-38cc-49bb-9240-a899e1ee86e9,F4Y2QYG6P,lg-washing-machine-f4y2qyg6p-7kg-platinum-silver,ال جي غسالة ملابس F4Y2QYG6P حمولة 7 كيلو فضي بلاتينيوم,LG Washing Machine F4Y2QYG6P 7KG Platinum Silver,غسالات ملابس,WASHING MACHINE,Rezk Store,19990.00,active,2026-08-22 19:27:59.81
7419049f-60ea-4275-bfd9-0d276a427bfd,F4Y2TYG6X,lg-washing-machine-f4y2tyg6x-8kg-onyx-black,ال جي غسالة ملابس F4Y2TYG6X حمولة 8 كيلو أسود أونيكس,LG Washing Machine F4Y2TYG6X 8KG Onyx Black,غسالات ملابس,WASHING MACHINE,Rezk Store,20990.00,active,2026-08-22 19:27:59.807
31429ecc-2c72-45b3-b084-0bfb747d5259,F4Y2TYGYZ,lg-washing-machine-f4y2tygyz-8kg-platinum-black,ال جي غسالة ملابس F4Y2TYGYZ حمولة 8 كيلو أسود بلاتينيوم,LG Washing Machine F4Y2TYGYZ 8KG Platinum Black,غسالات ملابس,WASHING MACHINE,Rezk Store,25990.00,active,2026-08-22 19:27:59.804
8c87aba6-e6d7-4693-b445-c1753a5a5667,F4Y2TYGYP,lg-washing-machine-f4y2tygyp-8kg-platinum-silver,ال جي غسالة ملابس F4Y2TYGYP حمولة 8 كيلو فضي بلاتينيوم,LG Washing Machine F4Y2TYGYP 8KG Platinum Silver,غسالات ملابس,WASHING MACHINE,Rezk Store,25990.00,active,2026-08-22 19:27:59.801
22cb3573-bd74-43db-9bb9-10e8457055ff,F4R5TYG2T,lg-washing-machine-f4r5tyg2t-8kg-vcm,ال جي غسالة ملابس F4R5TYG2T حمولة 8 كيلو فضي,LG Washing Machine F4R5TYG2T 8KG VCM,غسالات ملابس,WASHING MACHINE,Rezk Store,26990.00,active,2026-08-22 19:27:59.797
0d29ac2d-8306-463d-877e-ccbd60db6973,F4J3TMG5P,lg-washing-machine-f4j3tmg5p-wash-8-kg-dry-5kg-platinum,ال جي غسالة ملابس F4J3TMG5P حمولة غسيل 8 كيلو / تجفيف 5 كيلو بلاتينيوم,LG Washing Machine F4J3TMG5P Wash 8 KG / Dry 5KG Platinum,غسالات ملابس,WASHING MACHINE,Rezk Store,29990.00,active,2026-08-22 19:27:59.795
22833af1-11d1-4a5c-95a1-8414a1cdf61d,F4Y2VYGYZ,lg-washing-machine-f4y2vygyz-9kg-platinum-black,ال جي غسالة ملابس F4Y2VYGYZ حمولة 9 كيلو أسود بلاتينيوم,LG Washing Machine F4Y2VYGYZ 9KG Platinum Black,غسالات ملابس,WASHING MACHINE,Rezk Store,27990.00,active,2026-08-22 19:27:59.791
59a9709a-7021-4737-a6ea-62e3fbc2b79a,F4Y2VYGYP,lg-washing-machine-f4y2vygyp-9kg-platinum-silver,ال جي غسالة ملابس F4Y2VYGYP حمولة 9 كيلو فضي بلاتينيوم,LG Washing Machine F4Y2VYGYP 9KG Platinum Silver,غسالات ملابس,WASHING MACHINE,Rezk Store,26990.00,active,2026-08-22 19:27:59.788
8a8a8192-51d6-4ed0-9fdb-226496f689ef,F4R5VYG2E,lg-washing-machine-f4r5vyg2e-9kg-black-steel,ال جي غسالة ملابس F4R5VYG2E حمولة 9 كيلو ستيل أسود,LG Washing Machine F4R5VYG2E 9KG Black Steel,غسالات ملابس,WASHING MACHINE,Rezk Store,30990.00,active,2026-08-22 19:27:59.784
9da86ff5-b2c7-4071-8e4d-72d4fe2e1e12,F4R5VGG2E,lg-washing-machine-f4r5vgg2e-wash-9-kg-dry-5kg-black-steel,ال جي غسالة ملابس F4R5VGG2E حمولة غسيل 9 كيلو / تجفيف 5 كيلو ستيل أسود,LG Washing Machine F4R5VGG2E Wash 9 KG / Dry 5KG Black Steel,غسالات ملابس,WASHING MACHINE,Rezk Store,36990.00,active,2026-08-22 19:27:59.779
d7b2aec4-29ae-4cf7-911b-d0c55dd87f49,F4X5RYG23,lg-washing-machine-f4x5ryg23-10kg-e-silver-2t,ال جي غسالة ملابس F4X5RYG23 حمولة 10 كيلو فضي,LG Washing Machine F4X5RYG23 10KG E-Silver (2T),غسالات ملابس,WASHING MACHINE,Rezk Store,31990.00,active,2026-08-22 19:27:59.774
5f7a46c0-91af-4d62-bbc1-60aac4af607d,F4X5RYG24,lg-washing-machine-f4x5ryg24-10kg-e-graphite,ال جي غسالة ملابس F4X5RYG24 حمولة 10 كيلو جرافيت,LG Washing Machine F4X5RYG24 10KG E-Graphite,غسالات ملابس,WASHING MACHINE,Rezk Store,32990.00,active,2026-08-22 19:27:59.771
83bb925d-6de7-4e2f-b746-2811ec479980,F4Y9EWG2PV,lg-washing-machine-f4y9ewg2pv-11kg-platinum,ال جي غسالة ملابس F4Y9EWG2PV حمولة 11 كيلو بلاتينيوم,LG Washing Machine F4Y9EWG2PV 11KG Platinum,غسالات ملابس,WASHING MACHINE,Rezk Store,35990.00,active,2026-08-22 19:27:59.767
13c0241d-2f8e-4dc6-92fd-5636c15c45d4,F4X5EYG24,lg-washing-machine-f4x5eyg24-11kg-e-graphite,ال جي غسالة ملابس F4X5EYG24 حمولة 11 كيلو جرافيت,LG Washing Machine F4X5EYG24 11KG E-Graphite,غسالات ملابس,WASHING MACHINE,Rezk Store,34990.00,active,2026-08-22 19:27:59.761
73b1ebc6-1e93-45a7-9f1b-9602f424c5e6,F4X5RRG23BN,lg-washing-machine-f4x5rrg23bn-wash-10-kg-dry-7kg-e-silver,ال جي غسالة ملابس F4X5RRG23BN حمولة غسيل 10 كيلو / تجفيف 7 كيلو فضي,LG Washing Machine F4X5RRG23BN Wash 10 KG / Dry 7KG E-Silver,غسالات ملابس,WASHING MACHINE,Rezk Store,37990.00,active,2026-08-22 19:27:59.757
60ce31ed-b9f6-4c35-86a4-1d5dd34af55e,F4X5ERG24BN,lg-washing-machine-f4x5erg24bn-wash-11-kg-dry-7kg-egraphite,ال جي غسالة ملابس F4X5ERG24BN حمولة غسيل 11 كيلو / تجفيف 7 كيلو جرافيت,LG Washing Machine F4X5ERG24BN Wash 11 KG / Dry 7KG EGraphite,غسالات ملابس,WASHING MACHINE,Rezk Store,40990.00,active,2026-08-22 19:27:59.753
101ee382-222d-42c2-979c-75cfe70fd921,RH80T2SP7RM,lg-dryer-rh80t2sp7rm-8kg-dark-silver,ال جي مجفف ملابس RH80T2SP7RM حمولة 8 كيلو فضي غامق,LG Dryer RH80T2SP7RM 8KG Dark Silver,غسالات ملابس,WASHING MACHINE,Rezk Store,29990.00,active,2026-08-22 19:27:59.749
6b0e2093-4481-48b5-abeb-de1d08b78a6d,RH10V9PV2W,lg-dryer-rh10v9pv2w-101kg-platinum-silver,ال جي مجفف ملابس RH10V9PV2W حمولة 10.1 كيلو فضي بلاتينيوم,LG Dryer RH10V9PV2W 10.1KG Platinum Silver,غسالات ملابس,WASHING MACHINE,Rezk Store,43990.00,active,2026-08-22 19:27:59.744
ffbe2d81-af90-450f-8470-0239282c6d07,RH10V9JV2W,lg-dryer-rh10v9jv2w-101kg-black-steel,ال جي مجفف ملابس RH10V9JV2W حمولة 10.1 كيلو ستيل أسود,LG Dryer RH10V9JV2W 10.1KG Black Steel,غسالات ملابس,WASHING MACHINE,Rezk Store,42990.00,active,2026-08-22 19:27:59.741
53c787be-e1e3-4313-a251-a82952a884ce,RH10X5TV2NP,lg-dryer-rh10x5tv2np-101kg-platinum-silver2tone,ال جي مجفف ملابس RH10X5TV2NP حمولة 10.1 كيلو فضي بلاتينيوم,LG Dryer RH10X5TV2NP 10.1KG Platinum Silver(2tone),غسالات ملابس,WASHING MACHINE,Rezk Store,43990.00,active,2026-08-22 19:27:59.738
b66279a0-be40-47ca-803e-27c9e4cf8167,RH10X54V2NP,lg-dryer-rh10x54v2np-101kg-e-graphite,ال جي مجفف ملابس RH10X54V2NP حمولة 10.1 كيلو جرافيت,LG Dryer RH10X54V2NP 10.1KG E Graphite,غسالات ملابس,WASHING MACHINE,Rezk Store,44990.00,active,2026-08-22 19:27:59.728
03871dfb-e5d4-4b4e-b546-8a593b8f1d33,T20X3EΜΗΤΡ,lg-washing-machine-t20x3emhtr-20kg-platinum-black,ال جي غسالة ملابس T20X3EΜΗΤΡ حمولة 20 كيلو أسود بلاتينيوم,LG Washing Machine T20X3EΜΗΤΡ 20KG Platinum Black,غسالات ملابس,WASHING MACHINE,Rezk Store,32990.00,active,2026-08-22 19:19:57.998
ef199cb2-fae0-45ac-a70a-bc81d23f5d6e,T21X5EHHTP,lg-washing-machine-t21x5ehhtp-21kg-platinum-black,ال جي غسالة ملابس T21X5EHHTP حمولة 21 كيلو أسود بلاتينيوم,LG Washing Machine T21X5EHHTP 21KG Platinum Black,غسالات ملابس,WASHING MACHINE,Rezk Store,37990.00,active,2026-08-22 19:19:57.996
d83cbe86-a439-449c-a0d7-737acdbc719f,T23X5EHHSTX,lg-washing-machine-t23x5ehhstx-23kg-onyx-black,ال جي غسالة ملابس T23X5EHHSTX حمولة 23 كيلو أسود أونيكس,LG Washing Machine T23X5EHHSTX 23KG Onyx Black,غسالات ملابس,WASHING MACHINE,Rezk Store,46990.00,active,2026-08-22 19:19:57.993
def8bf2d-6101-429e-b3f5-bda70ba01a76,T25X7EFHTTP,lg-washing-machine-t25x7efhttp-25kg-platinum-black,ال جي غسالة ملابس T25X7EFHTTP حمولة 25 كيلو أسود بلاتينيوم,LG Washing Machine T25X7EFHTTP 25KG Platinum Black,غسالات ملابس,WASHING MACHINE,Rezk Store,49990.00,active,2026-08-22 19:19:57.99
9c1bcf51-84dc-4413-8c0f-daf5dd1b85b4,F2T2TYM1S,lg-washing-machine-f2t2tym1s-8kg-silver,ال جي غسالة ملابس F2T2TYM1S حمولة 8 كيلو فضي,LG Washing Machine F2T2TYM1S 8KG Silver,غسالات ملابس,WASHING MACHINE,Rezk Store,19990.00,active,2026-08-22 19:19:57.988
182682ca-43c1-4d45-b01a-25ed937292b1,F4V9RCP2E,lg-washing-machine-f4v9rcp2e-wash-105-kg-dry-7kg-black-steel,ال جي غسالة ملابس F4V9RCP2E حمولة غسيل 10.5 كيلو / تجفيف 7 كيلو ستيل أسود,LG Washing Machine F4V9RCP2E Wash 10.5 KG / Dry 7KG Black Steel,غسالات ملابس,WASHING MACHINE,Rezk Store,39990.00,active,2026-08-22 19:19:57.985
ad83d546-ddf7-4452-a578-563930bfa286,FOZ6DYP24,lg-washing-machine-foz6dyp24-15kg-essence-graphite,ال جي غسالة ملابس FOZ6DYP24 حمولة 15 كيلو جرافيت,LG Washing Machine FOZ6DYP24 15KG Essence Graphite,غسالات ملابس,WASHING MACHINE,Rezk Store,47990.00,active,2026-08-22 19:19:57.981
665fd334-3475-4d3e-bfed-d65569d82a85,FOZ6DRP24,lg-washing-machine-foz6drp24-wash-15-kg-dry-8kg-essence-graphite,ال جي غسالة ملابس FOZ6DRP24 حمولة غسيل 15 كيلو / تجفيف 8 كيلو جرافيت,LG Washing Machine FOZ6DRP24 Wash 15 KG / Dry 8KG Essence Graphite,غسالات ملابس,WASHING MACHINE,Rezk Store,52990.00,active,2026-08-22 19:19:57.978
9819d353-acae-46d0-902c-aa83ef32fcd1,FOZ8DYP24,lg-washing-machine-foz8dyp24-20kg-essence-graphite,ال جي غسالة ملابس FOZ8DYP24 حمولة 20 كيلو جرافيت,LG Washing Machine FOZ8DYP24 20KG Essence Graphite,غسالات ملابس,WASHING MACHINE,Rezk Store,50990.00,active,2026-08-22 19:19:57.974
eef36789-c21f-4ecc-9815-a8cd188c0a57,FOZ8DRP24,lg-washing-machine-foz8drp24-wash-20-kg-dry-10kg-essence-graphite,ال جي غسالة ملابس FOZ8DRP24 حمولة غسيل 20 كيلو / تجفيف 10 كيلو جرافيت,LG Washing Machine FOZ8DRP24 Wash 20 KG / Dry 10KG Essence Graphite,غسالات ملابس,WASHING MACHINE,Rezk Store,56990.00,active,2026-08-22 19:19:57.968
eeec00d7-e89f-4444-afa4-9f17fa3c27fc,FWT1310BGP,lg-wash-tower-fwt1310bgp-wash-13-kg-dry-10kg-beigegreen,ال جي غسالة برج FWT1310BGP حمولة غسيل 13 كيلو / تجفيف 10 كيلو بيج وأخضر,LG Wash Tower FWT1310BGP Wash 13 KG / Dry 10KG Beige+Green,غسالات ملابس,WASHING MACHINE,Rezk Store,94990.00,active,2026-08-22 19:19:57.966
d183d945-4ca7-4778-be09-3e260aec1c42,FWT2116SS,lg-wash-tower-fwt2116ss-wash-21-kg-dry-16kg-vcm,ال جي غسالة برج FWT2116SS حمولة غسيل 21 كيلو / تجفيف 16 كيلو فضي,LG Wash Tower FWT2116SS Wash 21 KG / Dry 16KG VCM,غسالات ملابس,WASHING MACHINE,Rezk Store,126990.00,active,2026-08-22 19:19:57.963
2b9b535e-e6ef-4d6a-ab0d-309f5e7ae16c,FWT2116BS,lg-wash-tower-fwt2116bs-wash-21-kg-dry-16kg-black-steel,ال جي غسالة برج FWT2116BS حمولة غسيل 21 كيلو / تجفيف 16 كيلو ستيل أسود,LG Wash Tower FWT2116BS Wash 21 KG / Dry 16KG Black Steel,غسالات ملابس,WASHING MACHINE,Rezk Store,129990.00,active,2026-08-22 19:19:57.959
7dc27f4a-16a2-4c68-9b4b-f31f17346b49,FWT1310PB1,lg-wash-tower-fwt1310pb1-wash-13-kg-dry-10kg-platinum-black,ال جي غسالة برج FWT1310PB1 حمولة غسيل 13 كيلو / تجفيف 10 كيلو أسود بلاتينيوم,LG Wash Tower FWT1310PB1 Wash 13 KG / Dry 10KG Platinum Black,غسالات ملابس,WASHING MACHINE,Rezk Store,97990.00,active,2026-08-22 19:19:57.956
8e43bddd-339c-4522-bb0d-d85d0a4f8be2,FWT2520SS,lg-wash-tower-fwt2520ss-wash-25-kg-dry-20kg-vcm,ال جي غسالة برج FWT2520SS حمولة غسيل 25 كيلو / تجفيف 20 كيلو فضي,LG Wash Tower FWT2520SS Wash 25 KG / Dry 20KG VCM,غسالات ملابس,WASHING MACHINE,Rezk Store,134990.00,active,2026-08-22 19:19:57.952
59a24b59-2337-4b65-9e16-e932d61bbf0a,FWT2520BS,lg-wash-tower-fwt2520bs-wash-25-kg-dry-20kg-black-steel,ال جي غسالة برج FWT2520BS حمولة غسيل 25 كيلو / تجفيف 20 كيلو ستيل أسود,LG Wash Tower FWT2520BS Wash 25 KG / Dry 20KG Black Steel,غسالات ملابس,WASHING MACHINE,Rezk Store,137990.00,active,2026-08-22 19:19:57.943
3a5e88d1-fbaa-4659-92de-34fe8e0a4b4e,EG0P042MX-S,midea-microwave-eg0p042mx-s-silver,ميديا ميكروويف EG0P042MX-S فضي,Midea Microwave EG0P042MX-S Silver,ميكروويف,microwave,Rezk Store,7599.00,active,2026-08-22 19:04:35.423
89f827e1-40be-46b2-abac-b70dbb371688,EM0P042MX-S,midea-microwave-em0p042mx-s-silver,ميديا ميكروويف EM0P042MX-S فضي,Midea Microwave EM0P042MX-S Silver,ميكروويف,microwave,Rezk Store,7099.00,active,2026-08-22 19:04:35.419
41a9f4cf-c7e2-4163-a684-974cdb3a59d4,EG9P022MX-B,midea-microwave-eg9p022mx-b-black,ميديا ميكروويف EG9P022MX-B أسود,Midea Microwave EG9P022MX-B Black,ميكروويف,microwave,Rezk Store,6499.00,active,2026-08-22 19:04:35.414
81acb7bd-2717-490c-a2f9-42da8415badc,EM9P022MX-B,midea-microwave-em9p022mx-b-black,ميديا ميكروويف EM9P022MX-B أسود,Midea Microwave EM9P022MX-B Black,ميكروويف,microwave,Rezk Store,5999.00,active,2026-08-22 19:04:35.409
3f66e5ed-32c6-41ea-a743-0f34da0ea2a2,MM8P022VV,midea-microwave-mm8p022vv-25-l-black,ميديا ميكروويف MM8P022VV 25 لتر أسود,Midea Microwave MM8P022VV 25 L Black,ميكروويف,microwave,Rezk Store,4799.00,active,2026-08-22 19:04:35.4
58087db3-7f09-49a1-9c76-b000a6210977,MM720C2VR,midea-microwave-mm720c2vr-20-l,ميديا ميكروويف MM720C2VR 20 لتر,Midea Microwave MM720C2VR 20 L,ميكروويف,microwave,Rezk Store,4299.00,active,2026-08-22 19:04:35.388
e7dea7ab-0506-42f9-bc12-327c2057f59d,MGWH10-20MDNEG(S),midea-water-heater-mgwh10-20mdnegs-10-l,ميديا سخان مياه غاز MGWH10-20MDNEG(S) 10 لتر,Midea Water Heater MGWH10-20MDNEG(S) 10 L,"سخانات غاز""",Gas Water Heater,Rezk Store,5999.00,active,2026-08-22 19:01:32.865
de9c4d24-42d5-45af-ab5c-70758de8ae12,MGWH10-20MDLEG(S),midea-water-heater-mgwh10-20mdlegs-10-l,ميديا سخان مياه غاز MGWH10-20MDLEG(S)  10 لتر,Midea Water Heater MGWH10-20MDLEG(S) 10 L,"سخانات غاز""",Gas Water Heater,Rezk Store,5749.00,active,2026-08-22 19:01:32.86
8e3815d3-0872-4b5c-b7d9-0b62ef3ef85f,MGWH06-12MZNEG(S),midea-water-heater-mgwh06-12mznegs-6-l,ميديا سخان مياه غازMGWH06-12MZNEG(S) 6 لتر,Midea Water Heater MGWH06-12MZNEG(S) 6 L,"سخانات غاز""",Gas Water Heater,Rezk Store,4399.00,active,2026-08-22 19:01:32.854
cc27aa39-c84d-4e73-9df5-93708dbcfddf,MGWH06-12MZLEG(S),midea-water-heater-mgwh06-12mzlegs-6-l,ميديا سخان مياه غاز MGWH06-12MZLEG(S) 6 لتر,Midea Water Heater MGWH06-12MZLEG(S) 6 L,"سخانات غاز""",Gas Water Heater,Rezk Store,4399.00,active,2026-08-22 19:01:32.848
71e3050c-7b4f-42c4-b774-3bd7af4d1798,JSD20-10DHSN,midea-water-heater-jsd20-10dhsn-10-l,ميديا سخان مياه غاز JSD20-10DHSN 10 لتر,Midea Water Heater JSD20-10DHSN 10 L,"سخانات غاز""",Gas Water Heater,Rezk Store,5799.00,active,2026-08-22 19:01:32.836
0d88c405-26fe-4cfc-b205-d6261f2736e0,FS45-25MR-W,midea-fan-fs45-25mr-w-18-inch-white,ميديا مروحة FS45-25MR-W 18 بوصة أبيض,Midea Fan FS45-25MR-W 18 Inch White,مراوح,Fans,Rezk Store,2499.00,active,2026-08-22 18:53:22.257
548c6f5a-3dbd-4dd8-9a62-149aa1f2fb1b,FS45-25MR-BK,midea-fan-fs45-25mr-bk-18-inch-black,ميديا مروحة FS45-25MR-BK 18 بوصة أسود,Midea Fan FS45-25MR-BK 18 Inch Black,مراوح,Fans,Rezk Store,2499.00,active,2026-08-22 18:53:22.252
a7c2e7fb-0fb2-4514-9e38-6000a7221d33,FS45-25MT-W,midea-fan-fs45-25mt-w-18-inch-white,ميديا مروحة FS45-25MT-W 18 بوصة أبيض,Midea Fan FS45-25MT-W 18 Inch White,مراوح,Fans,Rezk Store,2199.00,active,2026-08-22 18:53:22.249
6c6984ae-a6db-4690-985d-ffec915b2d37,FS45-25MT-BK,midea-fan-fs45-25mt-bk-18-inch-black,ميديا مروحة FS45-25MT-BK 18 بوصة أسود,Midea Fan FS45-25MT-BK 18 Inch Black,مراوح,Fans,Rezk Store,2199.00,active,2026-08-22 18:53:22.244
d744aad9-184d-4f85-ac23-ae1cf2c686e0,FW45-25M-W,midea-fan-fw45-25m-w-18-inch-white,ميديا مروحة FW45-25M-W 18 بوصة أبيض,Midea Fan FW45-25M-W 18 Inch White,مراوح,Fans,Rezk Store,1899.00,active,2026-08-22 18:53:22.239
e84810ae-8487-4155-b7a9-686e919368e3,FW45-25M-BK,midea-fan-fw45-25m-bk-18-inch-black,ميديا مروحة FW45-25M-BK 18 بوصة أسود,Midea Fan FW45-25M-BK 18 Inch Black,مراوح,Fans,Rezk Store,1899.00,active,2026-08-22 18:53:22.229
8f65f1c3-aa2f-4b8d-bf1e-87a26306fbb5,MF-CY85WK,midea-air-fryer-mf-cy85wk-9-l-black,ميديا قلاية هوائية MF-CY85WK 9 لتر أسود,Midea Air Fryer MF-CY85WK 9 L Black,قلايات,Air Fryer,Rezk Store,6499.00,active,2026-08-22 18:45:40.793
75b516bf-98cf-477e-a72c-6b873251bf9f,MFO-MG24TE(SS)-SS,midea-cooker-mfo-mg24tess-ss-60x60-cm-stainless-mirror,ميديا بوتاجاز MFO-MG24TE(SS)-SS 60x60 سم مرآة ستانلس,Midea Cooker MFO-MG24TE(SS)-SS 60x60 cm Stainless Mirror,بوتاجازات,COOKERS,Rezk Store,10999.00,active,2026-08-22 18:40:51.157
dd8e6d10-1e85-4ffe-ab84-b3c38e3780e7,MFO-MG24TE(SS)-VT,midea-cooker-mfo-mg24tess-vt-60x60-cm-stainless-mirror,ميديا بوتاجاز MFO-MG24TE(SS)-VT 60x60 سم مرآة ستانلس,Midea Cooker MFO-MG24TE(SS)-VT 60x60 cm Stainless Mirror,بوتاجازات,COOKERS,Rezk Store,11999.00,active,2026-08-22 18:40:51.15
b28729ad-3ed8-41db-a45d-7b2d3ea04739,MFO-MG36LE(BK),midea-cooker-mfo-mg36lebk-60x60-cm-black,ميديا بوتاجاز MFO-MG36LE(BK) 60x60 سم أسود,Midea Cooker MFO-MG36LE(BK) 60x60 cm Black,بوتاجازات,COOKERS,Rezk Store,16589.00,active,2026-08-22 18:40:51.144
7e0b7ee3-938c-4323-81bb-d8f17674848c,MFO-MG36LE(SS)-VT,midea-cooker-mfo-mg36less-vt-60x60-cm-stainless-mirror,ميديا بوتاجاز MFO-MG36LE(SS)-VT 60x60 سم مرآة ستانلس,Midea Cooker MFO-MG36LE(SS)-VT 60x60 cm Stainless Mirror,بوتاجازات,COOKERS,Rezk Store,17999.00,active,2026-08-22 18:40:51.135
b3e79bd7-fa1a-416d-9df4-f456d07be9a7,MDRU528FEN46,midea-refrigerator-mdru528fen46,ميديا ثلاجة MDRU528FEN46 392 لتر ستيل,Midea Refrigerator MDRU528FEN46,ثلاجات,FRIDGES,Rezk Store,30499.00,active,2026-08-22 18:33:24.998
64c83669-12b9-4fb3-be25-6133acc38b82,MDRU385FEN46,midea-refrigerator-mdru385fen46,ميديا ثلاجة MDRU385FEN46 280 لتر ستيل,Midea Refrigerator MDRU385FEN46,ثلاجات,FRIDGES,Rezk Store,27299.00,active,2026-08-22 18:33:24.996
4a1a8492-2f28-4d1a-9bbb-a10d55fcaeb0,MDRU333FEN46,midea-refrigerator-mdru333fen46,ميديا ثلاجة MDRU333FEN46 238 لتر ستيل,Midea Refrigerator MDRU333FEN46,ثلاجات,FRIDGES,Rezk Store,24199.00,active,2026-08-22 18:33:24.992
a32e5d7b-2fb5-4080-980c-f35e6e206851,MDRU255FEN50,midea-refrigerator-mdru255fen50-174-l-silver,ميديا ثلاجة MDRU255FEN50 174 لتر فضي,Midea Refrigerator MDRU255FEN50 174 L Silver,ثلاجات,FRIDGES,Rezk Store,20599.00,active,2026-08-22 18:33:24.989
6cc72fbf-1a21-4804-a665-83694bb4c6cc,MDRB489FGN46,midea-refrigerator-mdrb489fgn46-330-l,ميديا ثلاجة MDRB489FGN46 330 لتر ستيل,Midea Refrigerator MDRB489FGN46 330 L,ثلاجات,FRIDGES,Rezk Store,22749.00,active,2026-08-22 18:33:24.986
b08fd3ee-6c16-45cf-9f5a-0479108bb7df,MDRB424FGN46,midea-refrigerator-mdrb424fgn46-310-l,ميديا ثلاجة MDRB424FGN46 310 لتر ستيل,Midea Refrigerator MDRB424FGN46 310 L,ثلاجات,FRIDGES,Rezk Store,21699.00,active,2026-08-22 18:33:24.984
aff72e65-0162-4710-98d9-210d8d895dc3,MDRB905FIN46D,midea-refrigerator-mdrb905fin46d-680-l-bru-steel,ميديا ثلاجة MDRB905FIN46D 680 لتر ستيل,Midea Refrigerator MDRB905FIN46D 680 L Bru Steel,ثلاجات,FRIDGES,Rezk Store,50899.00,active,2026-08-22 18:33:24.981
2f689176-a7f6-4866-bd90-5dab569c9a66,MDRT689MMN46DO,midea-refrigerator-mdrt689mmn46do,ميديا ثلاجة MDRT689MMN46DO 505 لتر,Midea Refrigerator MDRT689MMN46DO,ثلاجات,FRIDGES,Rezk Store,27049.00,active,2026-08-22 18:33:24.978
16a676f3-d70b-4d22-9b47-68c327a54e58,MDRT611MMN46DO,midea-refrigerator-mdrt611mmn46do,ميديا ثلاجة MDRT611MMN46DO 450 لتر,Midea Refrigerator MDRT611MMN46DO,ثلاجات,FRIDGES,Rezk Store,23149.00,active,2026-08-22 18:33:24.975
2373ef8b-850a-4e1e-8e22-7311dd6e83ef,MDRT533MMN46DO,midea-refrigerator-mdrt533mmn46do-379-l,ميديا ثلاجة MDRT533MMN46DO 379 لتر,Midea Refrigerator MDRT533MMN46DO 379 L,ثلاجات,FRIDGES,Rezk Store,17999.00,active,2026-08-22 18:33:24.971
a911ce88-d82e-477a-852d-6f5d1d529506,MDRT723MTN46D,midea-refrigerator-mdrt723mtn46d,ميديا ثلاجة MDRT723MTN46D 535 لتر ستيل,Midea Refrigerator MDRT723MTN46D,ثلاجات,FRIDGES,Rezk Store,32299.00,active,2026-08-22 18:33:24.967
248fd5b2-639d-4d9a-a19f-2c41c5103bd2,MDRT645MTE06E,midea-refrigerator-mdrt645mte06e,ميديا ثلاجة MDRT645MTE06E 449 لتر إنوكس,Midea Refrigerator MDRT645MTE06E,ثلاجات,FRIDGES,Rezk Store,25549.00,active,2026-08-22 18:33:24.964
ebddae0a-7f16-4b2b-b381-e92f04855773,MDRT580MTN45D,midea-refrigerator-mdrt580mtn45d-jazz-black,ميديا ثلاجة MDRT580MTN45D 580 لتر أسود,Midea Refrigerator MDRT580MTN45D Jazz Black,ثلاجات,FRIDGES,Rezk Store,22549.00,active,2026-08-22 18:33:24.958
2577ba6e-4cc4-46fd-a5b0-9e8b3d0d020e,MDRT580MTN46D,midea-refrigerator-mdrt580mtn46d-bru-steel,ميديا ثلاجة MDRT580MTN46D 580 لتر ستيل,Midea Refrigerator MDRT580MTN46D Bru Steel,ثلاجات,FRIDGES,Rezk Store,22149.00,active,2026-08-22 18:33:24.954
6fcde50e-3404-4dcf-a21b-4d0708d2800a,MDRT580MTN45,midea-refrigerator-mdrt580mtn45-jazz-black,ميديا ثلاجة MDRT580MTN45 580 لتر أسود,Midea Refrigerator MDRT580MTN45 Jazz Black,ثلاجات,FRIDGES,Rezk Store,23049.00,active,2026-08-22 18:33:24.95
13151de3-27b1-40d8-884d-f1fb0dfead40,MDRT580MTN46,midea-refrigerator-mdrt580mtn46-bru-steel,ميديا ثلاجة MDRT580MTN46 580 لتر ستيل,Midea Refrigerator MDRT580MTN46 Bru Steel,ثلاجات,FRIDGES,Rezk Store,22649.00,active,2026-08-22 18:33:24.947
7d3d0026-6bc0-470f-9d4b-6aec1e2d1f29,MDRT489MTN45D,midea-refrigerator-mdrt489mtn45d-jazz-black,ميديا ثلاجة MDRT489MTN45D 489 لتر أسود,Midea Refrigerator MDRT489MTN45D Jazz Black,ثلاجات,FRIDGES,Rezk Store,18099.00,active,2026-08-22 18:33:24.943
860e4589-698d-48e4-8987-d9ad8984c5b0,MDRT489MTN46D,midea-refrigerator-mdrt489mtn46d-bru-steel,ميديا ثلاجة MDRT489MTN46D 489 لتر ستيل,Midea Refrigerator MDRT489MTN46D Bru Steel,ثلاجات,FRIDGES,Rezk Store,17699.00,active,2026-08-22 18:33:24.939
396235c5-230e-4f06-ae3a-3797a3c58d75,MDRT489MTN45,midea-refrigerator-mdrt489mtn45-jazz-black,ميديا ثلاجة MDRT489MTN45 489 لتر أسود,Midea Refrigerator MDRT489MTN45 Jazz Black,ثلاجات,FRIDGES,Rezk Store,18099.00,active,2026-08-22 18:33:24.935
3683ded6-dfbe-4330-9e3d-803386ae73e8,MDRT489MTN46,midea-refrigerator-mdrt489mtn46-bru-steel,ميديا ثلاجة MDRT489MTN46 489 لتر ستيل,Midea Refrigerator MDRT489MTN46 Bru Steel,ثلاجات,FRIDGES,Rezk Store,17699.00,active,2026-08-22 18:33:24.914
deaca88f-a980-4409-b07d-e4b63c414955,MDWEF1533GUR(BS)-WU-EG,midea-dishwasher-mdwef1533gurbs-wu-eg-15-place-sets-black,ميديا غسالة اطباق MDWEF1533GUR(BS)-WU-EG 15 فرد أسود,Midea Dishwasher MDWEF1533GUR(BS)-WU-EG 15 place sets Black,"غسالات الاطباق""",DISH WASHER,Rezk Store,26999.00,active,2026-08-22 18:24:23.477
cbbbadaf-7331-4b4e-974f-8ac399b485b6,MDWEF1433D(B)-WI-EG,midea-dishwasher-mdwef1433db-wi-eg-14-place-sets-black,ميديا غسالة اطباق MDWEF1433D(B)-WI-EG 14 فرد أسود,Midea Dishwasher MDWEF1433D(B)-WI-EG 14 place sets Black,"غسالات الاطباق""",DISH WASHER,Rezk Store,21999.00,active,2026-08-22 18:24:23.473
8d8298e1-5537-40fa-bfd1-73d5eaa9c71e,MDWEF1433D(SS)-WI-EG,midea-dishwasher-mdwef1433dss-wi-eg-14-place-sets,ميديا غسالة اطباق MDWEF1433D(SS)-WI-EG 14 فرد,Midea Dishwasher MDWEF1433D(SS)-WI-EG 14 place sets,"غسالات الاطباق""",DISH WASHER,Rezk Store,21999.00,active,2026-08-22 18:24:23.467
6c584a6b-0845-44cd-b60a-5344b6808230,MDWPF1433C(S)-W-EG,midea-dishwasher-mdwpf1433cs-w-eg-14-place-sets-silver,ميديا غسالة اطباق MDWPF1433C(S)-W-EG 14 فرد فضي,Midea Dishwasher MDWPF1433C(S)-W-EG 14 place sets Silver,"غسالات الاطباق""",DISH WASHER,Rezk Store,18999.00,active,2026-08-22 18:24:23.461
75f44b40-457e-4466-9dab-8da60704dab5,MDWPF1333C(S)-W-EG,midea-dishwasher-mdwpf1333cs-w-eg-13-place-sets-silver,ميديا غسالة اطباق MDWPF1333C(S)-W-EG 13 فرد فضي,Midea Dishwasher MDWPF1333C(S)-W-EG 13 place sets Silver,"غسالات الاطباق""",DISH WASHER,Rezk Store,16999.00,active,2026-08-22 18:24:23.45
4693b3c5-7581-4554-a24c-d318081800ca,MTE02W140/W,midea-washing-machine-mte02w140w,ميديا غسالة ملابس MTE02W140/W حمولة 14 كيلو أبيض,Midea Washing Machine MTE02W140/W,غسالات ملابس,WASHING MACHINE,Rezk Store,8199.00,active,2026-08-22 18:21:05.353
708be0a2-60d9-4379-90ed-7482d1aeb0e7,MTE02W120/W,midea-washing-machine-mte02w120w,ميديا غسالة ملابس MTE02W120/W حمولة 12 كيلو أبيض,Midea Washing Machine MTE02W120/W,غسالات ملابس,WASHING MACHINE,Rezk Store,7199.00,active,2026-08-22 18:21:05.349
cd098749-8496-4a47-baca-bb7ea869e92c,MTE02W100/W,midea-washing-machine-mte02w100w,ميديا غسالة ملابس MTE02W100/W حمولة 10 كيلو أبيض,Midea Washing Machine MTE02W100/W,غسالات ملابس,WASHING MACHINE,Rezk Store,6899.00,active,2026-08-22 18:21:05.342
f728cc87-acf0-4882-9493-60e478eba805,MA102W90P/GK,midea-washing-machine-ma102w90pgk-9-kg-silver,ميديا غسالة ملابس MA102W90P/GK حمولة 9 كيلو فضي,Midea Washing Machine MA102W90P/GK 9 KG Silver,غسالات ملابس,WASHING MACHINE,Rezk Store,9499.00,active,2026-08-22 18:21:05.337
80cc1bb2-4639-48a8-9609-f27b443a0fd7,MF200W90B/TTC,midea-washing-machine-mf200w90bttc,ميديا غسالة ملابس MF200W90B/TTC حمولة 9 كيلو تيتانيوم,Midea Washing Machine MF200W90B/TTC,غسالات ملابس,WASHING MACHINE,Rezk Store,16999.00,active,2026-08-22 18:21:05.331
32b85817-50e2-4e53-92cd-90fdb7330fa0,MFN09W80B/S,midea-washing-machine-mfn09w80bs,ميديا غسالة ملابس MFN09W80B/S حمولة 8 كيلو فضي,Midea Washing Machine MFN09W80B/S,غسالات ملابس,WASHING MACHINE,Rezk Store,14799.00,active,2026-08-22 18:21:05.323
6f9f8b5b-dd30-4c5b-a03e-b83d0e369889,MFN09W70B/S,midea-washing-machine-mfn09w70bs,ميديا غسالة ملابس MFN09W70B/S حمولة 7 كيلو فضي,Midea Washing Machine MFN09W70B/S,غسالات ملابس,WASHING MACHINE,Rezk Store,14299.00,active,2026-08-22 18:21:05.318
54f808ef-7cb6-41fa-a36b-90b679a89807,MF110W80B/TT,midea-washing-machine-mf110w80btt,ميديا غسالة ملابس MF110W80B/TT حمولة 8 كيلو تيتانيوم,Midea Washing Machine MF110W80B/TT,غسالات ملابس,WASHING MACHINE,Rezk Store,14299.00,active,2026-08-22 18:21:05.306
34ff79fb-5020-441f-b82d-c8d4e861b2e5,500021039,fresh-tv-qled-4k-60-inch,فريش تلفزيون QLED 4K 60 بوصة,Fresh TV QLED 4K 60 INCH,تليفزيون,TVs,Rezk Store,23499.00,active,2026-08-22 16:47:55.041
0c2e4fe6-91d9-42db-8348-4faa97286361,500021881,fresh-tv-qled-fhd-50-inch,فريش تلفزيون QLED FHD 50 بوصة,Fresh TV QLED FHD 50 INCH,تليفزيون,TVs,Rezk Store,15599.00,active,2026-08-22 16:47:55.037
52799718-c084-4015-892b-981bcad96156,500021037,fresh-tv-led-4k-50-inch,فريش تلفزيون LED 4K 50 بوصة,Fresh TV LED 4K 50 INCH,تليفزيون,TVs,Rezk Store,17449.00,active,2026-08-22 16:47:55.033
83ac8ce6-3d6e-42e7-bbff-d9df0c74483b,500020655,fresh-tv-led-fhd-43-inch,فريش تلفزيون LED FHD 43 بوصة,Fresh TV LED FHD 43 INCH,تليفزيون,TVs,Rezk Store,11949.00,active,2026-08-22 16:47:55.03
4c61d9ec-ef7c-4602-b4c4-62c4bc92c555,500020975,fresh-tv-led-fhd-40-inch-2,فريش تلفزيون LED FHD 40 بوصة,Fresh TV LED FHD 40 INCH,تليفزيون,TVs,Rezk Store,10699.00,active,2026-08-22 16:47:55.026
100f51ea-a1c6-4279-b10b-dcbebb0df53b,500020981,fresh-tv-led-fhd-40-inch,فريش تلفزيون LED FHD 40 بوصة,Fresh TV LED FHD 40 INCH,تليفزيون,TVs,Rezk Store,10349.00,active,2026-08-22 16:47:55.02
1732ad85-e104-4955-8daf-2a9b98363443,500019788,fresh-tv-led-hd-32-inch-2,فريش تلفزيون LED HD 32 بوصة,Fresh TV LED HD 32 INCH,تليفزيون,TVs,Rezk Store,7449.00,active,2026-08-22 16:47:55.015
5efd04af-21b7-4b5d-92d2-9584131fc091,500021841,fresh-tv-led-hd-32-inch,فريش تلفزيون LED HD 32 بوصة,Fresh TV LED HD 32 INCH,تليفزيون,TVs,Rezk Store,6147.00,active,2026-08-22 16:47:55.001
78d20252-f370-4f07-b871-2b49335fb84a,500021729,fresh-washing-machine-500021729-7kgg-black,فريش غسالة ملابس 500021729 7 كيلو أسود,Fresh Washing Machine 500021729 7KGG Black,غسالات ملابس,WASHING MACHINE,Rezk Store,17159.00,active,2026-08-22 16:43:51.273
26f021d8-6eb0-4832-8a7d-cb78d5e9f042,500016433,fresh-washing-machine-500016433-8kgg-black,فريش غسالة ملابس 500016433 8 كيلو أسود,Fresh Washing Machine 500016433 8KGG Black,غسالات ملابس,WASHING MACHINE,Rezk Store,19749.00,active,2026-08-22 16:43:51.27
8d011a55-dda7-49d1-be67-f5dd7a29b6b1,500016431,fresh-washing-machine-500016431-9kgg-black,فريش غسالة ملابس 500016431 9 كيلو أسود,Fresh Washing Machine 500016431 9KGG Black,غسالات ملابس,WASHING MACHINE,Rezk Store,22229.00,active,2026-08-22 16:43:51.266
d808e12c-c81c-41d1-9d15-a029b563b69f,500016435,fresh-washing-machine-500016435-9kgg-black,فريش غسالة ملابس 500016435 9 كيلو أسود,Fresh Washing Machine 500016435 9KGG Black,غسالات ملابس,WASHING MACHINE,Rezk Store,22229.00,active,2026-08-22 16:43:51.262
c23e75ba-6577-444b-b443-cb4d6dcd0af4,500017757,fresh-washing-machine-500017757-10kgg-black,فريش غسالة ملابس 500017757 10 كيلو أسود,Fresh Washing Machine 500017757 10KGG Black,غسالات ملابس,WASHING MACHINE,Rezk Store,27859.00,active,2026-08-22 16:43:51.259
314de049-d7c9-4151-bba0-feb380c4f47d,500017744,fresh-washing-machine-500017744-10kgg-dark-silver,فريش غسالة ملابس 500017744 10 كيلو فضي غامق,Fresh Washing Machine 500017744 10KGG Dark Silver,غسالات ملابس,WASHING MACHINE,Rezk Store,34149.00,active,2026-08-22 16:43:51.257
a992905f-ed15-45bf-ac51-4483f69cddf5,500017747,fresh-washing-machine-500017747-10kgg-black,فريش غسالة ملابس 500017747 10 كيلو أسود,Fresh Washing Machine 500017747 10KGG Black,غسالات ملابس,WASHING MACHINE,Rezk Store,34149.00,active,2026-08-22 16:43:51.253
228427fb-10cc-4dc0-a0c9-80bb8eea349e,500001928,fresh-washing-machine-500001928-6kg,فريش غسالة ملابس 500001928 6 كيلو,Fresh Washing Machine 500001928 6KG,غسالات ملابس,WASHING MACHINE,Rezk Store,3035.00,active,2026-08-22 16:43:51.251
ec348b05-e518-4886-bda1-a299ffc9efce,500007498,fresh-washing-machine-500007498-6kg,فريش غسالة ملابس 500007498 6 كيلو,Fresh Washing Machine 500007498 6KG,غسالات ملابس,WASHING MACHINE,Rezk Store,3139.00,active,2026-08-22 16:43:51.248
d1b92a26-34d1-4f2d-8bff-49d4cd5208e4,500013278,fresh-washing-machine-500013278-5kgg,فريش غسالة ملابس 500013278 5 كيلو,Fresh Washing Machine 500013278 5KGG,غسالات ملابس,WASHING MACHINE,Rezk Store,3629.00,active,2026-08-22 16:43:51.245
53d92ee4-26ff-4ec8-a466-ce9652599c15,500002004,fresh-washing-machine-500002004-7kg,فريش غسالة ملابس 500002004 7 كيلو,Fresh Washing Machine 500002004 7KG,غسالات ملابس,WASHING MACHINE,Rezk Store,3565.00,active,2026-08-22 16:43:51.242
3205550c-6a43-4c05-8891-6e7e0cba1942,500007496,fresh-washing-machine-500007496-10kgg,فريش غسالة ملابس 500007496 10 كيلو,Fresh Washing Machine 500007496 10KGG,غسالات ملابس,WASHING MACHINE,Rezk Store,7389.00,active,2026-08-22 16:43:51.239
f3363621-3287-48e7-9b43-6176d52a8da6,500011309,fresh-washing-machine-500011309-10kg,فريش غسالة ملابس 500011309 10 كيلو,Fresh Washing Machine 500011309 10KG,غسالات ملابس,WASHING MACHINE,Rezk Store,7250.00,active,2026-08-22 16:43:51.235
f8382944-3dcd-4168-ae30-67b358ac9deb,500001911,fresh-washing-machine-500001911-10kg,فريش غسالة ملابس 500001911 10 كيلو,Fresh Washing Machine 500001911 10KG,غسالات ملابس,WASHING MACHINE,Rezk Store,7125.00,active,2026-08-22 16:43:51.232
8b0f8804-4c42-4750-b1af-4dd9617a9c1e,500010630,fresh-washing-machine-500010630-10kg,فريش غسالة ملابس 500010630 10 كيلو,Fresh Washing Machine 500010630 10KG,غسالات ملابس,WASHING MACHINE,Rezk Store,6989.00,active,2026-08-22 16:43:51.227
5cf4f756-e41e-4408-8776-0c218c996264,500004781,fresh-washing-machine-500004781-6kg-stainless-steel,فريش غسالة ملابس 500004781 6 كيلو ستانلس ستيل,Fresh Washing Machine 500004781 6KG Stainless Steel,غسالات ملابس,WASHING MACHINE,Rezk Store,7239.00,active,2026-08-22 16:43:51.223
1c3e62a1-7405-4155-b14d-c4f62fac4f57,500022711,fresh-washing-machine-500022711-5kg,فريش غسالة ملابس 500022711 5 كيلو,Fresh Washing Machine 500022711 5KG,غسالات ملابس,WASHING MACHINE,Rezk Store,6759.00,active,2026-08-22 16:43:51.218
1a4e68b5-e19f-48bb-90c7-a95bc551da14,500004783,fresh-washing-machine-500004783-3kg-stainless-steel,فريش غسالة ملابس 500004783 3 كيلو ستانلس ستيل,Fresh Washing Machine 500004783 3KG Stainless Steel,غسالات ملابس,WASHING MACHINE,Rezk Store,6249.00,active,2026-08-22 16:43:51.215
f342e544-5ac5-4f6d-a9e4-4094fdee9097,500016748,fresh-washing-machine-500016748-12kg,فريش غسالة ملابس 500016748 12 كيلو,Fresh Washing Machine 500016748 12KG,غسالات ملابس,WASHING MACHINE,Rezk Store,6401.00,active,2026-08-22 16:43:51.211
bf301a6a-4dd0-4111-824d-a9a13d2c00be,500001773,fresh-washing-machine-500001773-12kg,فريش غسالة ملابس 500001773 12 كيلو,Fresh Washing Machine 500001773 12KG,غسالات ملابس,WASHING MACHINE,Rezk Store,5889.00,active,2026-08-22 16:43:51.206
1d85d41d-aaf9-4207-bc96-cea5c8f69a55,500002730,fresh-washing-machine-500002730-4kg,فريش غسالة ملابس 500002730 4 كيلو,Fresh Washing Machine 500002730 4KG,غسالات ملابس,WASHING MACHINE,Rezk Store,5930.00,active,2026-08-22 16:43:51.201
dac96dfd-cb75-4cd7-b7dd-02c836421b1c,500001654,fresh-washing-machine-500001654-4kgg,فريش غسالة ملابس 500001654 4 كيلو,Fresh Washing Machine 500001654 4KGG,غسالات ملابس,WASHING MACHINE,Rezk Store,5475.00,active,2026-08-22 16:43:51.195
09d3a944-0a08-447c-ba14-c869232dbca5,500001717,fresh-washing-machine-500001717-14kgg,فريش غسالة ملابس 500001717 14 كيلو,Fresh Washing Machine 500001717 14KGG,غسالات ملابس,WASHING MACHINE,Rezk Store,5309.00,active,2026-08-22 16:43:51.189
f088f285-8faf-4f2d-90cd-3b5637b34cd3,500001705,fresh-washing-machine-500001705-12kg,فريش غسالة ملابس 500001705 12 كيلو,Fresh Washing Machine 500001705 12KG,غسالات ملابس,WASHING MACHINE,Rezk Store,4955.00,active,2026-08-22 16:43:51.181
95f5b25c-9b1c-4811-81ca-e33ea46f2106,500019290,fresh-hood-hrmy-90-cm-black,فريش شفاط هرمي 90 سم أسود,Fresh Hood هرمي 90 CM Black,شفاطات,Ventilating fan,Rezk Store,6831.00,active,2026-08-22 16:35:03.282
2dbfcbb2-3a0e-44de-b4cc-b1de269926a7,500017737,fresh-hood-hrmy-60-cm-glass,فريش شفاط هرمی 60 سم زجاج,Fresh Hood هرمی 60 CM Glass,شفاطات,Ventilating fan,Rezk Store,8505.00,active,2026-08-22 16:35:03.276
6b771dd1-108b-4963-9126-0f076e2d8ad1,500017739,fresh-hood-mdkhnh-90-cm-glass-4,فريش شفاط مدخنة 90 سم زجاج,Fresh Hood مدخنة 90 CM Glass,شفاطات,Ventilating fan,Rezk Store,7776.00,active,2026-08-22 16:35:03.272
db2f971b-e2d8-4e08-ac3c-800ff7a02cd0,500017738,fresh-hood-mdkhnh-90-cm-glass-3,فريش شفاط مدخنة 90 سم زجاج,Fresh Hood مدخنة 90 CM Glass,شفاطات,Ventilating fan,Rezk Store,8613.00,active,2026-08-22 16:35:03.266
224303d8-9a53-4634-81af-393c69a59be4,500017750,fresh-hood-mdkhnh-90-cm-glass-2,فريش شفاط مدخنة 90 سم زجاج,Fresh Hood مدخنة 90 CM Glass,شفاطات,Ventilating fan,Rezk Store,7245.00,active,2026-08-22 16:35:03.26
5fcb05b1-dafa-44ca-bad6-2039a9fa33e9,500021705,fresh-hood-mdkhnh-90-cm-glass,فريش شفاط مدخنة 90 سم زجاج,Fresh Hood مدخنة 90 CM Glass,شفاطات,Ventilating fan,Rezk Store,7245.00,active,2026-08-22 16:35:03.253
e97f7ebf-9dce-4cd8-9bef-9eeb7ea47d5c,500021683,fresh-hood-mdkhnh-90-cm-stainless-steel-4,فريش شفاط مدخنة 90 سم ستانلس ستيل,Fresh Hood مدخنة 90 CM Stainless Steel,شفاطات,Ventilating fan,Rezk Store,7146.00,active,2026-08-22 16:35:03.248
0d1fa1d6-1725-49da-ab4a-60797e317377,500021685,fresh-hood-mdkhnh-90-cm-stainless-steel-3,فريش شفاط مدخنة 90 سم ستانلس ستيل,Fresh Hood مدخنة 90 CM Stainless Steel,شفاطات,Ventilating fan,Rezk Store,6669.00,active,2026-08-22 16:35:03.24
699a54cd-fb1c-489b-b75a-111b2b03d11f,500021686,fresh-hood-mdkhnh-90-cm-black-3,فريش شفاط مدخنة 90 سم أسود,Fresh Hood مدخنة 90 CM Black,شفاطات,Ventilating fan,Rezk Store,7668.00,active,2026-08-22 16:35:03.232
3d73e590-ef7b-416e-804b-c377a707e28c,500021400,fresh-hood-mdkhnh-90-cm-black-2,فريش شفاط مدخنة 90 سم أسود,Fresh Hood مدخنة 90 CM Black,شفاطات,Ventilating fan,Rezk Store,5958.00,active,2026-08-22 16:35:03.222
19b6d5a7-1b1f-4d10-82ce-193ab7122ca6,500016044,fresh-hood-mdkhnh-90-cm-stainless-steel-2,فريش شفاط مدخنة 90 سم ستانلس ستيل,Fresh Hood مدخنة 90 CM Stainless Steel,شفاطات,Ventilating fan,Rezk Store,5500.00,active,2026-08-22 16:35:03.213
a9c518ef-8706-424a-8004-b5c6c7d2d7a6,500021684,fresh-hood-mdkhnh-90-cm-stainless-steel,فريش شفاط مدخنة 90 سم ستانلس ستيل,Fresh Hood مدخنة 90 CM Stainless Steel,شفاطات,Ventilating fan,Rezk Store,8244.00,active,2026-08-22 16:35:03.209
bb0e0ba2-6ebb-4028-9b75-5460b0690f10,500021688,fresh-hood-mdkhnh-90-cm-black,فريش شفاط مدخنة 90 سم أسود,Fresh Hood مدخنة 90 CM Black,شفاطات,Ventilating fan,Rezk Store,7722.00,active,2026-08-22 16:35:03.206
62ba70d1-c69d-4216-8fef-267dacfa6ced,500019646,fresh-hood-mdkhnh-60-cm-glass-3,فريش شفاط مدخنة 60 سم زجاج,Fresh Hood مدخنة 60 CM Glass,شفاطات,Ventilating fan,Rezk Store,7353.00,active,2026-08-22 16:35:03.201
d0b289c2-8702-49eb-a47f-eb6d7d38dc9b,500019645,fresh-hood-mdkhnh-60-cm-glass-2,فريش شفاط مدخنة 60 سم زجاج,Fresh Hood مدخنة 60 CM Glass,شفاطات,Ventilating fan,Rezk Store,8244.00,active,2026-08-22 16:35:03.193
7e0d1294-369f-4334-98b7-8100363e1273,500019647,fresh-hood-mdkhnh-60-cm-glass,فريش شفاط مدخنة 60 سم زجاج,Fresh Hood مدخنة 60 CM Glass,شفاطات,Ventilating fan,Rezk Store,7245.00,active,2026-08-22 16:35:03.186
53431c88-a35e-4099-b2ed-643bb3b92993,500016962,fresh-hood-klasyk-90-cm-stainless-steel-4,فريش شفاط كلاسيك 90 سم ستانلس ستيل,Fresh Hood كلاسيك 90 CM Stainless Steel,شفاطات,Ventilating fan,Rezk Store,4257.00,active,2026-08-22 16:35:03.18
46e7f151-05aa-4c92-81b3-b895ebbadd28,500021682,fresh-hood-klasyk-90-cm-stainless-steel-3,فريش شفاط كلاسيك 90 سم ستانلس ستيل,Fresh Hood كلاسيك 90 CM Stainless Steel,شفاطات,Ventilating fan,Rezk Store,4887.00,active,2026-08-22 16:35:03.168
e1cc7119-cb1b-4b43-b3d9-de5f853409d9,500020557,fresh-hood-klasyk-90-cm-black-3,فريش شفاط كلاسيك 90 سم أسود,Fresh Hood كلاسيك 90 CM Black,شفاطات,Ventilating fan,Rezk Store,3627.00,active,2026-08-22 16:35:03.151
203fe8a6-6b29-4fce-b8d1-e1f6657bdaaf,500015543,fresh-hood-klasyk-90-cm-black-2,فريش شفاط كلاسيك 90 سم أسود,Fresh Hood كلاسيك 90 CM Black,شفاطات,Ventilating fan,Rezk Store,4725.00,active,2026-08-22 16:35:03.14
a085abe5-7efd-47e5-b353-1118ebf4212a,500021681,fresh-hood-klasyk-90-cm-black,فريش شفاط كلاسيك 90 سم أسود,Fresh Hood كلاسيك 90 CM Black,شفاطات,Ventilating fan,Rezk Store,4464.00,active,2026-08-22 16:35:03.13
d105a398-5704-4698-a84c-b6e44653a1d2,500015907,fresh-hood-klasyk-90-cm-stainless-steel-2,فريش شفاط كلاسيك 90 سم ستانلس ستيل,Fresh Hood كلاسيك 90 CM Stainless Steel,شفاطات,Ventilating fan,Rezk Store,5094.00,active,2026-08-22 16:35:03.123
1b82be89-5168-48c7-9e90-5b76483042c8,500020335,fresh-hood-klasyk-90-cm-stainless-steel,فريش شفاط كلاسيك 90 سم ستانلس ستيل,Fresh Hood كلاسيك 90 CM Stainless Steel,شفاطات,Ventilating fan,Rezk Store,3996.00,active,2026-08-22 16:35:03.118
2a189df4-3310-46b1-a02d-d6e94101f2a7,500015542,fresh-hood-klasyk-60-cm-black,فريش شفاط كلاسيك 60 سم أسود,Fresh Hood كلاسيك 60 CM Black,شفاطات,Ventilating fan,Rezk Store,3996.00,active,2026-08-22 16:35:03.111
e0cd9992-a356-4909-9d44-4da7da883c07,500015906,fresh-hood-klasyk-60-cm-stainless-steel-2,فريش شفاط كلاسيك 60 سم ستانلس ستيل,Fresh Hood كلاسيك 60 CM Stainless Steel,شفاطات,Ventilating fan,Rezk Store,4410.00,active,2026-08-22 16:35:03.104
d5a81c64-7b55-4bf1-b16a-e2c4f885bcdf,500022577,fresh-hood-klasyk-60-cm-stainless-steel,فريش شفاط كلاسيك 60 سم ستانلس ستيل,Fresh Hood كلاسيك 60 CM Stainless Steel,شفاطات,Ventilating fan,Rezk Store,4410.00,active,2026-08-22 16:35:03.092
535a6398-5948-486b-9b82-8802d5f38b41,500009613,fresh-hob-500009613-90-cm-black,فريش مسطح 500009613 90 سم أسود,Fresh Hob 500009613 90 CM Black,مسطحات,Hobs,Rezk Store,12915.00,active,2026-08-22 16:33:31.444
aaf2d5db-c39c-4735-9b42-d939930a8217,500009845,fresh-hob-500009845-90-cm,فريش مسطح 500009845 90 سم,Fresh Hob 500009845 90 CM,مسطحات,Hobs,Rezk Store,12600.00,active,2026-08-22 16:33:31.441
148edfda-9ba0-44fc-8646-c2f678633a21,500009847,fresh-hob-500009847-90-cm-stainless-steel,فريش مسطح 500009847 90 سم ستانلس ستيل,Fresh Hob 500009847 90 CM Stainless Steel,مسطحات,Hobs,Rezk Store,10926.00,active,2026-08-22 16:33:31.439
1a6ff1da-8118-4c38-b1ed-f83f548d7862,500009623,fresh-hob-500009623-90-cm-silver,فريش مسطح 500009623 90 سم فضي,Fresh Hob 500009623 90 CM Silver,مسطحات,Hobs,Rezk Store,10710.00,active,2026-08-22 16:33:31.437
00775d6a-c690-451b-b501-eb3c90fffe72,500009605,fresh-hob-500009605-90-cm-silver,فريش مسطح 500009605 90 سم فضي,Fresh Hob 500009605 90 CM Silver,مسطحات,Hobs,Rezk Store,9297.00,active,2026-08-22 16:33:31.433
fec0b54c-8188-4e74-aacc-a2c8f6d14329,500020514,fresh-hob-500020514-90-cm-black,فريش مسطح 500020514 90 سم أسود,Fresh Hob 500020514 90 CM Black,مسطحات,Hobs,Rezk Store,7929.00,active,2026-08-22 16:33:31.431
63bf60a2-8e7f-4082-b046-f637e0a26c28,500019800,fresh-hob-500019800-90-cm-stainless-steel,فريش مسطح 500019800 90 سم ستانلس ستيل,Fresh Hob 500019800 90 CM Stainless Steel,مسطحات,Hobs,Rezk Store,7353.00,active,2026-08-22 16:33:31.427
3745088a-2d74-457e-901e-f16aa7a3d353,500009863,fresh-hob-500009863-90-cm,فريش مسطح 500009863 90 سم,Fresh Hob 500009863 90 CM,مسطحات,Hobs,Rezk Store,24048.00,active,2026-08-22 16:33:31.423
077319a7-1541-494e-b20a-23b439d95e97,500009606,fresh-hob-500009606-90-cm-glass,فريش مسطح 500009606 90 سم زجاج,Fresh Hob 500009606 90 CM Glass,مسطحات,Hobs,Rezk Store,11448.00,active,2026-08-22 16:33:31.42
5d1f1092-4d8e-4e22-976b-89f2ec10bbc0,500008869,fresh-hob-500008869-90-cm-stainless-steel,فريش مسطح 500008869 90 سم ستانلس ستيل,Fresh Hob 500008869 90 CM Stainless Steel,مسطحات,Hobs,Rezk Store,10611.00,active,2026-08-22 16:33:31.418
377d7f6d-f0a0-431a-bdc1-65eff0acdbf5,500008866,fresh-hob-500008866-90-cm-stainless-steel,فريش مسطح 500008866 90 سم ستانلس ستيل,Fresh Hob 500008866 90 CM Stainless Steel,مسطحات,Hobs,Rezk Store,9135.00,active,2026-08-22 16:33:31.416
b2d9b391-f067-47b3-9ee7-c77a7787abfb,500009848,fresh-hob-500009848-90-cm,فريش مسطح 500009848 90 سم,Fresh Hob 500009848 90 CM,مسطحات,Hobs,Rezk Store,14130.00,active,2026-08-22 16:33:31.413
16b29f20-934f-4937-b006-e7836f61812f,500009589,fresh-hob-500009589-90-cm,فريش مسطح 500009589 90 سم,Fresh Hob 500009589 90 CM,مسطحات,Hobs,Rezk Store,13185.00,active,2026-08-22 16:33:31.41
ce9f4a94-f841-4c82-b03b-cb19d32f3ddf,500009612,fresh-hob-500009612-60-cm-black,فريش مسطح 500009612 60 سم أسود,Fresh Hob 500009612 60 CM Black,مسطحات,Hobs,Rezk Store,9036.00,active,2026-08-22 16:33:31.408
f34866fa-f2ef-43c5-a890-94d773f49b36,500009849,fresh-hob-500009849-60-cm-stainless-steel,فريش مسطح 500009849 60 سم ستانلس ستيل,Fresh Hob 500009849 60 CM Stainless Steel,مسطحات,Hobs,Rezk Store,8244.00,active,2026-08-22 16:33:31.405
c3366bb1-c39a-4429-ab36-4d8e81b39de2,500009624,fresh-hob-500009624-60-cm-silver,فريش مسطح 500009624 60 سم فضي,Fresh Hob 500009624 60 CM Silver,مسطحات,Hobs,Rezk Store,8460.00,active,2026-08-22 16:33:31.402
eb0d922f-cdcd-4fbc-9478-36df537195ac,500009616,fresh-hob-500009616-60-cm-silver,فريش مسطح 500009616 60 سم فضي,Fresh Hob 500009616 60 CM Silver,مسطحات,Hobs,Rezk Store,7560.00,active,2026-08-22 16:33:31.399
369b18a4-fef0-47b6-92d0-dab33ec408f2,500009614,fresh-hob-500009614-60-cm,فريش مسطح 500009614 60 سم,Fresh Hob 500009614 60 CM,مسطحات,Hobs,Rezk Store,9720.00,active,2026-08-22 16:33:31.396
a46eceba-7074-493e-815f-d44ccfcee52d,500008868,fresh-hob-500008868-60-cm-silver,فريش مسطح 500008868 60 سم فضي,Fresh Hob 500008868 60 CM Silver,مسطحات,Hobs,Rezk Store,6777.00,active,2026-08-22 16:33:31.394
3ee30f89-1420-4548-8488-2d818240e50c,500009861,fresh-hob-500009861-60-cm,فريش مسطح 500009861 60 سم,Fresh Hob 500009861 60 CM,مسطحات,Hobs,Rezk Store,14967.00,active,2026-08-22 16:33:31.391
25f6d31f-b7c6-4ce7-b35f-e8e9ad4a6ff9,500009617,fresh-hob-500009617-60-cm-glass,فريش مسطح 500009617 60 سم زجاج,Fresh Hob 500009617 60 CM Glass,مسطحات,Hobs,Rezk Store,9135.00,active,2026-08-22 16:33:31.387
efce178e-5635-466b-81e9-6b46f3afb711,500009860,fresh-hob-500009860-60-cm-black,فريش مسطح 500009860 60 سم أسود,Fresh Hob 500009860 60 CM Black,مسطحات,Hobs,Rezk Store,8190.00,active,2026-08-22 16:33:31.384
21da2ac7-6015-4d19-819d-d14fd4e2400c,500008870,fresh-hob-500008870-60-cm-stainless-steel,فريش مسطح 500008870 60 سم ستانلس ستيل,Fresh Hob 500008870 60 CM Stainless Steel,مسطحات,Hobs,Rezk Store,7983.00,active,2026-08-22 16:33:31.38
4741797f-13a3-4108-af71-89e17b169040,500013942,fresh-hob-500013942-30-cm,فريش مسطح 500013942 30 سم,Fresh Hob 500013942 30 CM,مسطحات,Hobs,Rezk Store,5778.00,active,2026-08-22 16:33:31.371
16b4ca63-49ec-4720-8f45-701ec87eebb5,500009661,fresh-oven-500009661-90-cm-stainless-steel,فريش فرن 500009661 90 سم ستانلس ستيل,Fresh Oven 500009661 90 CM Stainless Steel,افران بلت ان,built in oven,Rezk Store,22680.00,active,2026-08-22 16:31:55.574
1ae8b0fd-ce7c-4b58-8e35-339fd7fad024,500009660,fresh-oven-500009660-90-cm,فريش فرن 500009660 90 سم,Fresh Oven 500009660 90 CM,افران بلت ان,built in oven,Rezk Store,23625.00,active,2026-08-22 16:31:55.572
05920082-5bfc-48b6-bf97-68b5e78b1013,500010342,fresh-oven-500010342-60-cm,فريش فرن 500010342 60 سم,Fresh Oven 500010342 60 CM,افران بلت ان,built in oven,Rezk Store,14913.00,active,2026-08-22 16:31:55.569
b460bca8-7d82-4ae6-9b03-4b8e1756188c,500009651,fresh-oven-500009651-60-cm,فريش فرن 500009651 60 سم,Fresh Oven 500009651 60 CM,افران بلت ان,built in oven,Rezk Store,15489.00,active,2026-08-22 16:31:55.566
3dd79450-0670-4724-b2cc-a82694f41e3d,500009636,fresh-oven-500009636-60-cm-black,فريش فرن 500009636 60 سم أسود,Fresh Oven 500009636 60 CM Black,افران بلت ان,built in oven,Rezk Store,14706.00,active,2026-08-22 16:31:55.563
ad721f8f-03a4-4878-a663-f519d7931116,500009647,fresh-oven-500009647-60-cm-stainless-steel,فريش فرن 500009647 60 سم ستانلس ستيل,Fresh Oven 500009647 60 CM Stainless Steel,افران بلت ان,built in oven,Rezk Store,14805.00,active,2026-08-22 16:31:55.56
ba307b2e-506f-4a03-a412-2dabf5f275ba,500009646,fresh-oven-500009646-60-cm-stainless-steel,فريش فرن 500009646 60 سم ستانلس ستيل,Fresh Oven 500009646 60 CM Stainless Steel,افران بلت ان,built in oven,Rezk Store,14076.00,active,2026-08-22 16:31:55.556
da104828-0128-44ef-803f-8d89a9a18a6a,500008878,fresh-oven-500008878-60-cm-stainless-steel,فريش فرن 500008878 60 سم ستانلس ستيل,Fresh Oven 500008878 60 CM Stainless Steel,افران بلت ان,built in oven,Rezk Store,19746.00,active,2026-08-22 16:31:55.552
9e6e7b20-122c-4744-8cbf-3fbd174ce096,500009640,fresh-oven-500009640-60-cm,فريش فرن 500009640 60 سم,Fresh Oven 500009640 60 CM,افران بلت ان,built in oven,Rezk Store,14967.00,active,2026-08-22 16:31:55.549
4ef7d570-ce39-471f-9828-9cc425a0c2b5,500008881,fresh-oven-500008881-60-cm-glass,فريش فرن 500008881 60 سم زجاج,Fresh Oven 500008881 60 CM Glass,افران بلت ان,built in oven,Rezk Store,15597.00,active,2026-08-22 16:31:55.546
b62ef10c-533a-40d8-9734-86b33f7d0277,500010345,fresh-oven-500010345-60-cm,فريش فرن 500010345 60 سم,Fresh Oven 500010345 60 CM,افران بلت ان,built in oven,Rezk Store,15390.00,active,2026-08-22 16:31:55.543
c2cc7717-1fac-46bf-8563-d0143f935071,500020515,fresh-oven-500020515-60-cm-black,فريش فرن 500020515 60 سم أسود,Fresh Oven 500020515 60 CM Black,افران بلت ان,built in oven,Rezk Store,11655.00,active,2026-08-22 16:31:55.539
8ecf6fca-07a3-4fc4-b732-014eb9b0b2d0,500009652,fresh-oven-500009652-60-cm-silver,فريش فرن 500009652 60 سم فضي,Fresh Oven 500009652 60 CM Silver,افران بلت ان,built in oven,Rezk Store,16227.00,active,2026-08-22 16:31:55.534
dae20ede-6e6e-49bd-9859-ca461c379c2f,500021564,fresh-oven-500021564-60-cm-black,فريش فرن 500021564 60 سم أسود,Fresh Oven 500021564 60 CM Black,افران بلت ان,built in oven,Rezk Store,14076.00,active,2026-08-22 16:31:55.529
2378b243-18e8-4092-84f4-bfd05c9abce6,500009649,fresh-oven-500009649-60-cm,فريش فرن 500009649 60 سم,Fresh Oven 500009649 60 CM,افران بلت ان,built in oven,Rezk Store,15075.00,active,2026-08-22 16:31:55.524
ca8f7e09-1fac-4a79-bf25-5688f9dc56ed,500008877,fresh-oven-500008877-60-cm-glass,فريش فرن 500008877 60 سم زجاج,Fresh Oven 500008877 60 CM Glass,افران بلت ان,built in oven,Rezk Store,14913.00,active,2026-08-22 16:31:55.518
bd779bbf-fc97-4324-bfa6-8c9ad5a9f821,500010344,fresh-oven-500010344-60-cm,فريش فرن 500010344 60 سم,Fresh Oven 500010344 60 CM,افران بلت ان,built in oven,Rezk Store,14706.00,active,2026-08-22 16:31:55.513
3a3a1c9d-44f2-4014-9fdd-d575d3c405db,500010343,fresh-oven-500010343-60-cm,فريش فرن 500010343 60 سم,Fresh Oven 500010343 60 CM,افران بلت ان,built in oven,Rezk Store,15390.00,active,2026-08-22 16:31:55.507
196763c1-812b-4c5d-8e3d-6ccd3af02324,500009653,fresh-oven-500009653-60-cm-black,فريش فرن 500009653 60 سم أسود,Fresh Oven 500009653 60 CM Black,افران بلت ان,built in oven,Rezk Store,16227.00,active,2026-08-22 16:31:55.499
d18e5872-6cd4-4039-a7aa-56e957494e7e,500019801,fresh-oven-500019801-60-cm,فريش فرن 500019801 60 سم,Fresh Oven 500019801 60 CM,افران بلت ان,built in oven,Rezk Store,11925.00,active,2026-08-22 16:31:55.488
58fdc063-606f-4e34-ac17-54a951b8081f,500019942,fresh-cooker-hyrw-50-cm-black,فريش بوتاجاز هيرو 50 سم أسود,Fresh Cooker هيرو 50 CM Black,بوتاجازات,COOKERS,Rezk Store,6140.00,active,2026-08-22 16:26:54.739
32ffd673-cc18-4f70-b57c-c226cb885b17,500020125,fresh-cooker-hyrw-50-cm-stainless-steel,فريش بوتاجاز هيرو 50 سم ستانلس ستيل,Fresh Cooker هيرو 50 CM Stainless Steel,بوتاجازات,COOKERS,Rezk Store,6575.00,active,2026-08-22 16:26:54.735
8148600b-4afb-45ba-bd53-da9c1f17560a,500017082,fresh-cooker-hay-kast-90-cm-5,فريش بوتاجاز های کاست 90 سم,Fresh Cooker های کاست 90 CM,بوتاجازات,COOKERS,Rezk Store,15205.00,active,2026-08-22 16:26:54.733
8ab88196-1e7f-43be-b058-f2750e5097f6,500020673,fresh-cooker-hay-kast-90-cm-4,فريش بوتاجاز های کاست 90 سم,Fresh Cooker های کاست 90 CM,بوتاجازات,COOKERS,Rezk Store,14660.00,active,2026-08-22 16:26:54.725
eda01623-3a72-45d4-81e7-0b5789af74ec,500017081,fresh-cooker-hay-kast-90-cm-3,فريش بوتاجاز هاي كاست 90 سم,Fresh Cooker هاي كاست 90 CM,بوتاجازات,COOKERS,Rezk Store,15205.00,active,2026-08-22 16:26:54.715
50523c4e-d10c-4f5d-840a-17fa52bf9674,500017079,fresh-cooker-hay-kast-90-cm-2,فريش بوتاجاز های کاست 90 سم,Fresh Cooker های کاست 90 CM,بوتاجازات,COOKERS,Rezk Store,14555.00,active,2026-08-22 16:26:54.71
d8198556-2c83-4360-8db8-9d090f9522f2,500017080,fresh-cooker-hay-kast-90-cm,فريش بوتاجاز های کاست 90 سم,Fresh Cooker های کاست 90 CM,بوتاجازات,COOKERS,Rezk Store,14555.00,active,2026-08-22 16:26:54.705
2bd98f25-97ff-4c4a-8a6d-80ebbe646d7b,500000325,fresh-cooker-hay-kast-60-cm-stainless-steel,فريش بوتاجاز های کاست 60 سم ستانلس ستيل,Fresh Cooker های کاست 60 CM Stainless Steel,بوتاجازات,COOKERS,Rezk Store,9690.00,active,2026-08-22 16:26:54.702
52ba0b96-8b57-49a7-ae3c-177de9d93baa,500014486,fresh-cooker-hamr-60-cm-silver,فريش بوتاجاز هامر 60 سم فضي,Fresh Cooker هامر 60 CM Silver,بوتاجازات,COOKERS,Rezk Store,14010.00,active,2026-08-22 16:26:54.699
ca44a36d-163e-4fca-9e2e-c0ae1b95a6a6,500017298,fresh-cooker-nyw-jambw-90-cm-brown-2,فريش بوتاجاز نيو جامبو 90 سم بني,Fresh Cooker نيو جامبو 90 CM Brown,بوتاجازات,COOKERS,Rezk Store,11850.00,active,2026-08-22 16:26:54.695
70e86cf1-9e87-4fcd-866d-10b813a2bae1,500016609,fresh-cooker-nyw-jambw-90-cm-stainless-steel,فريش بوتاجاز نيو جامبو 90 سم ستانلس ستيل,Fresh Cooker نيو جامبو 90 CM Stainless Steel,بوتاجازات,COOKERS,Rezk Store,12285.00,active,2026-08-22 16:26:54.69
d7423192-0d07-4270-bc18-5d250c43b473,500017290,fresh-cooker-nyw-jambw-90-cm-brown,فريش بوتاجاز نيو جامبو 90 سم بني,Fresh Cooker نيو جامبو 90 CM Brown,بوتاجازات,COOKERS,Rezk Store,11470.00,active,2026-08-22 16:26:54.685
f6d2b36a-f973-4230-8dfa-999f34ed0f61,500017300,fresh-cooker-fwrnw-90-cm-stainless-steel-3,فريش بوتاجاز فورنو 90 سم ستانلس ستيل,Fresh Cooker فورنو 90 CM Stainless Steel,بوتاجازات,COOKERS,Rezk Store,12655.00,active,2026-08-22 16:26:54.681
84f27b67-3590-4b2c-baac-bbdcefdecff2,500016611,fresh-cooker-fwrnw-90-cm-stainless-steel-2,فريش بوتاجاز فورنو 90 سم ستانلس ستيل,Fresh Cooker فورنو 90 CM Stainless Steel,بوتاجازات,COOKERS,Rezk Store,14555.00,active,2026-08-22 16:26:54.675
dd9c724d-1749-4694-99ea-c5ce5f4018a7,500017279,fresh-cooker-fwrnw-90-cm-stainless-steel,فريش بوتاجاز فورنو 90 سم ستانلس ستيل,Fresh Cooker فورنو 90 CM Stainless Steel,بوتاجازات,COOKERS,Rezk Store,12285.00,active,2026-08-22 16:26:54.671
4f2c55fe-b84d-4e68-97f4-8695cc620bae,500017297,fresh-cooker-fwrnw-80-cm-metallic-2,فريش بوتاجاز فورنو 80 سم ميتاليك,Fresh Cooker فورنو 80 CM Metallic,بوتاجازات,COOKERS,Rezk Store,10930.00,active,2026-08-22 16:26:54.667
d9c7fe29-322d-4e0c-b16c-b42c4a7e1ae6,500017277,fresh-cooker-fwrnw-80-cm-metallic,فريش بوتاجاز فورنو 80 سم ميتاليك,Fresh Cooker فورنو 80 CM Metallic,بوتاجازات,COOKERS,Rezk Store,10550.00,active,2026-08-22 16:26:54.663
2caadbaf-488b-4387-80a0-493e45ce4a8e,500016608,fresh-cooker-fwrnw-80-cm-stainless-steel-2,فريش بوتاجاز فورنو 80 سم ستانلس ستيل,Fresh Cooker فورنو 80 CM Stainless Steel,بوتاجازات,COOKERS,Rezk Store,11310.00,active,2026-08-22 16:26:54.659
091eea87-4ff4-43bd-b100-8545784ac381,500016606,fresh-cooker-fwrnw-80-cm-stainless-steel,فريش بوتاجاز فورنو 80 سم ستانلس ستيل,Fresh Cooker فورنو 80 CM Stainless Steel,بوتاجازات,COOKERS,Rezk Store,10930.00,active,2026-08-22 16:26:54.652
7e456e0e-4ea6-4a45-8a59-07bc660fbf2c,500017268,fresh-cooker-fwrnw-60-cm-stainless-steel,فريش بوتاجاز فورنو 60 سم ستانلس ستيل,Fresh Cooker فورنو 60 CM Stainless Steel,بوتاجازات,COOKERS,Rezk Store,8530.00,active,2026-08-22 16:26:54.647
cd0e27b8-d73b-4b5a-b3e5-c15d77489f7a,500016599,fresh-cooker-fwrnw-55-cm-stainless-steel,فريش بوتاجاز فورنو 55 سم ستانلس ستيل,Fresh Cooker فورنو 55 CM Stainless Steel,بوتاجازات,COOKERS,Rezk Store,8130.00,active,2026-08-22 16:26:54.643
2076bd69-cfc0-45f6-b678-4d1a88480f91,500016612,fresh-cooker-smayl-jlaksy-90-cm-black,فريش بوتاجاز سمايل جلاكسي 90 سم أسود,Fresh Cooker سمايل جلاكسي 90 CM Black,بوتاجازات,COOKERS,Rezk Store,11905.00,active,2026-08-22 16:26:54.636
3a169f97-3321-4fab-b4ac-d9a42cd6a822,500016610,fresh-cooker-smayl-jlaksy-90-cm-stainless-steel-2,فريش بوتاجاز سمايل جلاكسي 90 سم ستانلس ستيل,Fresh Cooker سمايل جلاكسي 90 CM Stainless Steel,بوتاجازات,COOKERS,Rezk Store,14390.00,active,2026-08-22 16:26:54.633
364518ed-3e4c-4caa-95bc-3f06fa71f158,500003113,fresh-cooker-smayl-jlaksy-90-cm-stainless-steel,فريش بوتاجاز سمایل جلاکسی 90 سم ستانلس ستيل,Fresh Cooker سمایل جلاکسی 90 CM Stainless Steel,بوتاجازات,COOKERS,Rezk Store,12500.00,active,2026-08-22 16:26:54.629
0ea892e4-b498-4bb0-a580-74881cbb6c51,500020584,fresh-cooker-star-90-cm-silver,فريش بوتاجاز ستار 90 سم فضي,Fresh Cooker ستار 90 CM Silver,بوتاجازات,COOKERS,Rezk Store,10550.00,active,2026-08-22 16:26:54.625
d5a50815-3859-4d02-8c5c-1ce1ee758e67,500020798,fresh-cooker-star-90-cm,فريش بوتاجاز ستار 90 سم,Fresh Cooker ستار 90 CM,بوتاجازات,COOKERS,Rezk Store,10440.00,active,2026-08-22 16:26:54.62
17439ee3-f85d-4d3a-90af-42bb6fc52702,500017269,fresh-cooker-rynbw-60-cm-stainless-steel-3,فريش بوتاجاز رينبو 60 سم ستانلس ستيل,Fresh Cooker رينبو 60 CM Stainless Steel,بوتاجازات,COOKERS,Rezk Store,8130.00,active,2026-08-22 16:26:54.617
abcfc7fa-d620-4faf-bfd7-b16d295bc038,500017267,fresh-cooker-rynbw-60-cm-stainless-steel-2,فريش بوتاجاز رينبو 60 سم ستانلس ستيل,Fresh Cooker رينبو 60 CM Stainless Steel,بوتاجازات,COOKERS,Rezk Store,8130.00,active,2026-08-22 16:26:54.611
469c4225-0bc1-4c55-818a-22959c150d07,500017611,fresh-cooker-rynbw-60-cm-grey,فريش بوتاجاز رينبو 60 سم رصاصي,Fresh Cooker رينبو 60 CM Grey,بوتاجازات,COOKERS,Rezk Store,7465.00,active,2026-08-22 16:26:54.607
d6a2157f-0b7c-4db0-9992-209165491e85,500017282,fresh-cooker-rynbw-60-cm-brown,فريش بوتاجاز رينبو 60 سم بني,Fresh Cooker رينبو 60 CM Brown,بوتاجازات,COOKERS,Rezk Store,7465.00,active,2026-08-22 16:26:54.605
8ee4332b-7553-4ebf-969b-7cad0dcbd2f6,500016630,fresh-cooker-rynbw-60-cm-stainless-steel,فريش بوتاجاز رينبو 60 سم ستانلس ستيل,Fresh Cooker رينبو 60 CM Stainless Steel,بوتاجازات,COOKERS,Rezk Store,8475.00,active,2026-08-22 16:26:54.602
b5478705-deda-4f9a-a517-e22ffb1b87d8,500016076,fresh-cooker-rwk-60-cm-stainless-steel,فريش بوتاجاز روك 60 سم ستانلس ستيل,Fresh Cooker روك 60 CM Stainless Steel,بوتاجازات,COOKERS,Rezk Store,7365.00,active,2026-08-22 16:26:54.599
ed232ac8-7017-447b-bb28-fa5226351f2b,500016784,fresh-cooker-jlwry-90-cm,فريش بوتاجاز جلوري 90 سم,Fresh Cooker جلوري 90 CM,بوتاجازات,COOKERS,Rezk Store,14770.00,active,2026-08-22 16:26:54.596
9150a35d-6c3c-46a4-9028-f2cff8abac4e,500021935,fresh-cooker-jambw-bls-90-cm,فريش بوتاجاز جامبو بلس 90 سم,Fresh Cooker جامبو بلس 90 CM,بوتاجازات,COOKERS,Rezk Store,12825.00,active,2026-08-22 16:26:54.593
460c2b49-aa09-4205-bd11-2216a4ad93ff,500016271,fresh-cooker-jambw-90-cm-6,فريش بوتاجاز جامبو 90 سم,Fresh Cooker جامبو 90 CM,بوتاجازات,COOKERS,Rezk Store,12655.00,active,2026-08-22 16:26:54.59
0053f4e0-d0f5-4602-af82-01ccfbaeebc6,500020243,fresh-cooker-jambw-90-cm-5,فريش بوتاجاز جامبو 90 سم,Fresh Cooker جامبو 90 CM,بوتاجازات,COOKERS,Rezk Store,12825.00,active,2026-08-22 16:26:54.578
6b49c639-337f-480b-bde6-cc4ad50cd65b,500021938,fresh-cooker-jambw-90-cm-4,فريش بوتاجاز جامبو 90 سم,Fresh Cooker جامبو 90 CM,بوتاجازات,COOKERS,Rezk Store,15685.00,active,2026-08-22 16:26:54.57
ec0d55c2-9fb0-449f-8385-f76d72dd4257,500021939,fresh-cooker-jambw-90-cm-3,فريش بوتاجاز جامبو 90 سم,Fresh Cooker جامبو 90 CM,بوتاجازات,COOKERS,Rezk Store,16390.00,active,2026-08-22 16:26:54.562
e5af58d7-97a7-41b4-a790-1376c3fef8e5,500022301,fresh-cooker-jambw-90-cm-2,فريش بوتاجاز جامبو 90 سم,Fresh Cooker جامبو 90 CM,بوتاجازات,COOKERS,Rezk Store,13470.00,active,2026-08-22 16:26:54.552
48606387-f1d3-44cb-b517-8a74f72e9d20,500016272,fresh-cooker-jambw-90-cm,فريش بوتاجاز جامبو 90 سم,Fresh Cooker جامبو 90 CM,بوتاجازات,COOKERS,Rezk Store,12655.00,active,2026-08-22 16:26:54.545
b6fba130-5f4a-4937-92e8-44b9e2a81336,500017292,fresh-cooker-jambw-90-cm-burgundy,فريش بوتاجاز جامبو 90 سم نبيتي,Fresh Cooker جامبو 90 CM Burgundy,بوتاجازات,COOKERS,Rezk Store,11470.00,active,2026-08-22 16:26:54.541
f6b0ed5a-ec2b-475b-9c38-ef5c254e26d1,500017293,fresh-cooker-jambw-90-cm-stainless-steel-2,فريش بوتاجاز جامبو 90 سم ستانلس ستيل,Fresh Cooker جامبو 90 CM Stainless Steel,بوتاجازات,COOKERS,Rezk Store,12285.00,active,2026-08-22 16:26:54.537
68dbfc41-af74-4e96-8e71-5e464b52bb22,500000738,fresh-cooker-jambw-90-cm-stainless-steel,فريش بوتاجاز جامبو 90 سم ستانلس ستيل,Fresh Cooker جامبو 90 CM Stainless Steel,بوتاجازات,COOKERS,Rezk Store,12285.00,active,2026-08-22 16:26:54.531
a4908ce6-26a1-4f84-b8d3-fce603c3ebf7,500017291,fresh-cooker-jambw-90-cm-metallic,فريش بوتاجاز جامبو 90 سم ميتاليك,Fresh Cooker جامبو 90 CM Metallic,بوتاجازات,COOKERS,Rezk Store,11905.00,active,2026-08-22 16:26:54.528
f4eae5da-faed-4788-8f1f-528e88a56f86,500017294,fresh-cooker-bwntw-80-cm-burgundy,فريش بوتاجاز بونتو 80 سم نبيتي,Fresh Cooker بونتو 80 CM Burgundy,بوتاجازات,COOKERS,Rezk Store,10550.00,active,2026-08-22 16:26:54.525
b7ef6ce9-9325-4f19-98f8-2dccb8fb1588,500017278,fresh-cooker-bwntw-80-cm-brown-3,فريش بوتاجاز بونتو 80 سم بني,Fresh Cooker بونتو 80 CM Brown,بوتاجازات,COOKERS,Rezk Store,10550.00,active,2026-08-22 16:26:54.521
f0bf7c77-345b-47c2-a9b4-769657e3b57a,500017296,fresh-cooker-bwntw-80-cm-brown-2,فريش بوتاجاز بونتو 80 سم بني,Fresh Cooker بونتو 80 CM Brown,بوتاجازات,COOKERS,Rezk Store,10930.00,active,2026-08-22 16:26:54.513
ec2da3c4-318a-4fdf-98b7-cc60f0b70e79,500017276,fresh-cooker-bwntw-80-cm-brown,فريش بوتاجاز بونتو 80 سم بني,Fresh Cooker بونتو 80 CM Brown,بوتاجازات,COOKERS,Rezk Store,10550.00,active,2026-08-22 16:26:54.507
63648552-0d87-4363-bfd7-5d4d86472631,500000885,fresh-cooker-blaza-90-cm,فريش بوتاجاز بلازا 90 سم,Fresh Cooker بلازا 90 CM,بوتاجازات,COOKERS,Rezk Store,14065.00,active,2026-08-22 16:26:54.503
2a96d2f9-22cb-4263-b5cb-43a7a2e4d058,500000934,fresh-cooker-blaza-90-cm-stainless-steel-2,فريش بوتاجاز بلازا 90 سم ستانلس ستيل,Fresh Cooker بلازا 90 CM Stainless Steel,بوتاجازات,COOKERS,Rezk Store,12285.00,active,2026-08-22 16:26:54.493
e79ca4d3-deff-4787-ba32-6e5574dd5120,500017299,fresh-cooker-blaza-90-cm-stainless-steel,فريش بوتاجاز بلازا 90 سم ستانلس ستيل,Fresh Cooker بلازا 90 CM Stainless Steel,بوتاجازات,COOKERS,Rezk Store,12285.00,active,2026-08-22 16:26:54.479
ee00b7e6-c640-497d-a55b-2e4db7ababb1,500003440,fresh-cooker-blaza-60-cm,فريش بوتاجاز بلازا 60 سم,Fresh Cooker بلازا 60 CM,بوتاجازات,COOKERS,Rezk Store,13090.00,active,2026-08-22 16:26:54.473
55d245e6-77d9-4fd5-9891-ddef1416092d,500014487,fresh-cooker-brwfyshnal-65-cm-stainless-steel,فريش بوتاجاز بروفيشنال 65 سم ستانلس ستيل,Fresh Cooker بروفيشنال 65 CM Stainless Steel,بوتاجازات,COOKERS,Rezk Store,14605.00,active,2026-08-22 16:26:54.469
05af8373-d9f0-4929-b252-92c1087b2489,500012094,fresh-cooker-aytalyanw-90-cm-stainless-steel,فريش بوتاجاز ايطاليانو 90 سم ستانلس ستيل,Fresh Cooker ايطاليانو 90 CM Stainless Steel,بوتاجازات,COOKERS,Rezk Store,15150.00,active,2026-08-22 16:26:54.466
a40dd664-72f7-442a-93e8-dbab8bbaaf71,500003423,fresh-cooker-aytalyanw-80-cm-stainless-steel-5,فريش بوتاجاز ايطاليانو 80 سم ستانلس ستيل,Fresh Cooker ايطاليانو 80 CM Stainless Steel,بوتاجازات,COOKERS,Rezk Store,12935.00,active,2026-08-22 16:26:54.463
d4b85d34-0b6e-4f63-bf1e-9c1fe93d6252,500000835,fresh-cooker-aytalyanw-80-cm-stainless-steel-4,فريش بوتاجاز ايطاليانو 80 سم ستانلس ستيل,Fresh Cooker ايطاليانو 80 CM Stainless Steel,بوتاجازات,COOKERS,Rezk Store,12175.00,active,2026-08-22 16:26:54.456
8d338d5e-3d7f-4418-a604-7b57695461b9,500016607,fresh-cooker-aytalyanw-80-cm-stainless-steel-3,فريش بوتاجاز ايطاليانو 80 سم ستانلس ستيل,Fresh Cooker ايطاليانو 80 CM Stainless Steel,بوتاجازات,COOKERS,Rezk Store,11310.00,active,2026-08-22 16:26:54.449
4caab42c-a90b-46a9-b739-640e1e2073d9,500017295,fresh-cooker-aytalyanw-80-cm-stainless-steel-2,فريش بوتاجاز ايطاليانو 80 سم ستانلس ستيل,Fresh Cooker ايطاليانو 80 CM Stainless Steel,بوتاجازات,COOKERS,Rezk Store,10930.00,active,2026-08-22 16:26:54.441
dc1657d5-0d5e-4cbf-b0c3-9321599f754a,500004892,fresh-cooker-aytalyanw-80-cm-stainless-steel,فريش بوتاجاز ايطاليانو 80 سم ستانلس ستيل,Fresh Cooker ايطاليانو 80 CM Stainless Steel,بوتاجازات,COOKERS,Rezk Store,13205.00,active,2026-08-22 16:26:54.433
96b28156-6e92-4bb0-8ebc-caf6b3d3567a,500000355,fresh-cooker-aytalyanw-60-cm-stainless-steel,فريش بوتاجاز ايطاليانو 60 سم ستانلس ستيل,Fresh Cooker ايطاليانو 60 CM Stainless Steel,بوتاجازات,COOKERS,Rezk Store,9690.00,active,2026-08-22 16:26:54.428
acd277d0-c4b3-44ee-a8d1-91ee79850067,500000793,fresh-cooker-alyjant-90-cm-stainless-steel,فريش بوتاجاز اليجانت 90 سم ستانلس ستيل,Fresh Cooker اليجانت 90 CM Stainless Steel,بوتاجازات,COOKERS,Rezk Store,14660.00,active,2026-08-22 16:26:54.42
fa0e3aab-2718-4832-9fb7-d3c0044cf38a,500010845,fresh-cooker-500010845-30-cm,فريش بوتاجاز 500010845 30 سم,Fresh Cooker 500010845 30 CM,بوتاجازات,COOKERS,Rezk Store,2475.00,active,2026-08-22 16:26:54.408
54411a9d-6f42-488f-a92d-9ee9ba1f3bab,RWF-W2467TEG(K),toshiba-water-dispenser-rwf-w2467tegk-20-l,توشيبا مبرد مياه RWF-W2467TEG(K) 20 لتر,Toshiba Water Dispenser RWF-W2467TEG(K) 20 L,مبردات مياه,Water Dispenser,Rezk Store,9049.00,active,2026-08-22 16:13:11.801
95616100-7358-4cf4-8a90-3c18dd106c7f,RWF-W2467RTEG(K),toshiba-water-dispenser-rwf-w2467rtegk-20-l,توشيبا مبرد مياه RWF-W2467RTEG(K) 20 لتر,Toshiba Water Dispenser RWF-W2467RTEG(K) 20 L,مبردات مياه,Water Dispenser,Rezk Store,9649.00,active,2026-08-22 16:13:11.791
27a7330a-7215-4447-809d-14c4a27c68bc,VC-BL200(B),toshiba-vacuum-cleaner-vc-bl200b-18-l-black,توشيبا مكنسة كهربائية VC-BL200(B) 1.8 لتر أسود,Toshiba Vacuum Cleaner VC-BL200(B) 1.8 L Black,مكانس كهربائية,Vacuum cleaner,Rezk Store,5999.00,active,2026-08-22 16:03:49.613
97fa0f90-4051-4970-9e5f-c9160693ecbd,VC-DR200ACME(B),toshiba-vacuum-cleaner-vc-dr200acmeb-21-l-black,توشيبا مكنسة كهربائية VC-DR200ACME(B) 21 لتر أسود,Toshiba Vacuum Cleaner VC-DR200ACME(B) 21 L Black,مكانس كهربائية,Vacuum cleaner,Rezk Store,6499.00,active,2026-08-22 16:03:49.601
a933f7f0-83a8-428b-bd67-369aa8fbc6f4,F-ASE50EG(K),toshiba-fan-f-ase50egk-18-inch-black,توشيبا مروحة F-ASE50EG(K) 18 بوصة أسود,Toshiba Fan F-ASE50EG(K) 18 Inch Black,مراوح,Fans,Rezk Store,3099.00,active,2026-08-22 15:58:18.082
eef36063-4870-4b81-92bb-445b8655f348,F-ASE60EG(K),toshiba-fan-f-ase60egk-black,توشيبا مروحة F-ASE60EG(K) أسود,Toshiba Fan F-ASE60EG(K) Black,مراوح,Fans,Rezk Store,3299.00,active,2026-08-22 15:58:18.076
cbc6f26d-58ba-4c8e-a6d0-f6963ea039b3,F-ASD60EG(W),toshiba-fan-f-asd60egw-white,توشيبا مروحة F-ASD60EG(W) أبيض,Toshiba Fan F-ASD60EG(W) White,مراوح,Fans,Rezk Store,3199.00,active,2026-08-22 15:58:18.073
7fb7b160-d0a7-487a-9747-dfc7eb2af36a,F-DSD70EG(W),toshiba-fan-f-dsd70egw-30-watt-white,توشيبا مروحة F-DSD70EG(W) 30 واط أبيض,Toshiba Fan F-DSD70EG(W) 30 Watt White,مراوح,Fans,Rezk Store,4399.00,active,2026-08-22 15:58:18.062
30e77bed-c914-49db-badc-43c7b589c202,AF-74CP1VREG(H),toshiba-air-fryer-af-74cp1vregh-74-l-black,توشيبا قلاية هوائية AF-74CP1VREG(H) 7.4 لتر أسود,Toshiba Air Fryer AF-74CP1VREG(H) 7.4 L Black,قلايات,Air Fryer,Rezk Store,7999.00,active,2026-08-22 15:55:27.884
3e4f7b6c-e1c6-4d06-bf29-5da71f488466,MW3-EM25PEI(BK),toshiba-microwave-mw3-em25peibk-25-l-black,توشيبا ميكروويف MW3-EM25PEI(BK) 25 لتر أسود,Toshiba Microwave MW3-EM25PEI(BK) 25 L Black,ميكروويف,microwave,Rezk Store,6599.00,active,2026-08-22 15:50:19.213
faae45b2-23d1-44e1-867c-0d953d6971bc,MW3-EG25PEI(BK),toshiba-microwave-mw3-eg25peibk-25-l-black,توشيبا ميكروويف MW3-EG25PEI(BK) 25 لتر أسود,Toshiba Microwave MW3-EG25PEI(BK) 25 L Black,ميكروويف,microwave,Rezk Store,7299.00,active,2026-08-22 15:50:19.21
157f5047-7d44-4747-8935-20f355f8fd16,ML3-EM36PFI(MB),toshiba-microwave-ml3-em36pfimb-36-l-silver,توشيبا ميكروويف ML3-EM36PFI(MB) 36 لتر فضي,Toshiba Microwave ML3-EM36PFI(MB) 36 L Silver,ميكروويف,microwave,Rezk Store,8999.00,active,2026-08-22 15:50:19.206
f9db84d8-fbb3-4df0-b525-8ccbf357c62e,ML3-EM45PFI(MB),toshiba-microwave-ml3-em45pfimb-45-l-silver,توشيبا ميكروويف ML3-EM45PFI(MB) 45 لتر فضي,Toshiba Microwave ML3-EM45PFI(MB) 45 L Silver,ميكروويف,microwave,Rezk Store,10799.00,active,2026-08-22 15:50:19.194
e7a0a08f-2069-4218-8524-043d98123108,GR-RU312WE-DMN(37H),toshiba-refrigerator-gr-ru312we-dmn37h-238-l,توشيبا ثلاجة GR-RU312WE-DMN(37H) 238 لتر,Toshiba Refrigerator GR-RU312WE-DMN(37H) 238 L,ثلاجات,FRIDGES,Rezk Store,27899.00,active,2026-08-22 15:46:37.612
020ef79b-7076-4629-9771-2cc12b874733,GR-RU312WE-DMN(57),toshiba-refrigerator-gr-ru312we-dmn57-238-l-silver,توشيبا ثلاجة GR-RU312WE-DMN(57) 238 لتر فضي,Toshiba Refrigerator GR-RU312WE-DMN(57) 238 L Silver,ثلاجات,FRIDGES,Rezk Store,27899.00,active,2026-08-22 15:46:37.608
67aa9110-68d4-4c9d-a311-c8d9fa5c3871,GR-RU312WE-DMN(06),toshiba-refrigerator-gr-ru312we-dmn06-238-l-morandi-grey,توشيبا ثلاجة GR-RU312WE-DMN(06) 238 لتر رمادي موراندي,Toshiba Refrigerator GR-RU312WE-DMN(06) 238 L Morandi Grey,ثلاجات,FRIDGES,Rezk Store,28399.00,active,2026-08-22 15:46:37.604
f16ab421-b750-4112-8ebf-a125cdeba605,GR-RT468WE-DMN(49),toshiba-refrigerator-gr-rt468we-dmn49-338-l-lixiue-grey,توشيبا ثلاجة GR-RT468WE-DMN(49) 338 لتر رمادي فاتح,Toshiba Refrigerator GR-RT468WE-DMN(49) 338 L Lixiue Grey,ثلاجات,FRIDGES,Rezk Store,19649.00,active,2026-08-22 15:46:37.601
f17a49e6-7c03-443e-9714-098b3f42de95,GR-RT468WE-PMN(57),toshiba-refrigerator-gr-rt468we-pmn57-338-l-silver,توشيبا ثلاجة GR-RT468WE-PMN(57) 338 لتر فضي,Toshiba Refrigerator GR-RT468WE-PMN(57) 338 L Silver,ثلاجات,FRIDGES,Rezk Store,20149.00,active,2026-08-22 15:46:37.598
29dcef66-4eff-4c83-8269-de56f4970974,GR-RT468WE-PMN(49)-PRO,toshiba-refrigerator-gr-rt468we-pmn49-pro-338-l-lixiue-grey,توشيبا ثلاجة GR-RT468WE-PMN(49)-PRO 338 لتر رمادي فاتح,Toshiba Refrigerator GR-RT468WE-PMN(49)-PRO 338 L Lixiue Grey,ثلاجات,FRIDGES,Rezk Store,20149.00,active,2026-08-22 15:46:37.594
0ad91120-bc42-49ea-811f-c068a4b6b633,GR-RT559WE-DMN(49),toshiba-refrigerator-gr-rt559we-dmn49-411-l-lixiue-grey,توشيبا ثلاجة GR-RT559WE-DMN(49) 411 لتر رمادي فاتح,Toshiba Refrigerator GR-RT559WE-DMN(49) 411 L Lixiue Grey,ثلاجات,FRIDGES,Rezk Store,25199.00,active,2026-08-22 15:46:37.591
b2e71227-7ae9-4a5c-988b-f255b479aae2,GR-RT558WE-PMN(57),toshiba-refrigerator-gr-rt558we-pmn57-411-l-silver,توشيبا ثلاجة GR-RT558WE-PMN(57) 411 لتر فضي,Toshiba Refrigerator GR-RT558WE-PMN(57) 411 L Silver,ثلاجات,FRIDGES,Rezk Store,25699.00,active,2026-08-22 15:46:37.588
86f7761a-ca88-4358-bb16-830fd218b247,GR-RT559WE-PMN(49)-PRO,toshiba-refrigerator-gr-rt559we-pmn49-pro-411-l-lixiue-grey,توشيبا ثلاجة GR-RT559WE-PMN(49)-PRO 411 لتر رمادي فاتح,Toshiba Refrigerator GR-RT559WE-PMN(49)-PRO 411 L Lixiue Grey,ثلاجات,FRIDGES,Rezk Store,25699.00,active,2026-08-22 15:46:37.583
02edb800-402e-4035-b579-1a73741763e8,GR-RT559WE-PMN(06),toshiba-refrigerator-gr-rt559we-pmn06-411-l-morandi-grey,توشيبا ثلاجة GR-RT559WE-PMN(06) 411 لتر رمادي موراندي,Toshiba Refrigerator GR-RT559WE-PMN(06) 411 L Morandi Grey,ثلاجات,FRIDGES,Rezk Store,28099.00,active,2026-08-22 15:46:37.578
37cb20cc-807c-49e7-a845-3cc2186ac746,GR-RT622WE-PMN(06),toshiba-refrigerator-gr-rt622we-pmn06-450-l-morandi-grey,توشيبا ثلاجة GR-RT622WE-PMN(06) 450 لتر رمادي موراندي,Toshiba Refrigerator GR-RT622WE-PMN(06) 450 L Morandi Grey,ثلاجات,FRIDGES,Rezk Store,32299.00,active,2026-08-22 15:46:37.575
3ed4a0f7-8db7-44a0-84c3-c90677bf32ac,GR-RT624WE-PGN(72),toshiba-refrigerator-gr-rt624we-pgn72-450-l-platinum-brown-glass-door,توشيبا ثلاجة GR-RT624WE-PGN(72) 450 لتر زجاج بني بلاتينيوم,Toshiba Refrigerator GR-RT624WE-PGN(72) 450 L Platinum Brown Glass Door,ثلاجات,FRIDGES,Rezk Store,33299.00,active,2026-08-22 15:46:37.571
aa1f6e2c-a80f-4a1b-aea6-d13f6fd6be7f,GR-RT624WE-PGN(73),toshiba-refrigerator-gr-rt624we-pgn73-450-l-blue-glass-door,توشيبا ثلاجة GR-RT624WE-PGN(73) 450 لتر زجاج أزرق,Toshiba Refrigerator GR-RT624WE-PGN(73) 450 L Blue Glass Door,ثلاجات,FRIDGES,Rezk Store,33299.00,active,2026-08-22 15:46:37.566
6143b90f-d09a-40c1-864b-9653ece8bcd7,GR-RT624WE-PGN(22),toshiba-refrigerator-gr-rt624we-pgn22-450-l-black,توشيبا ثلاجة GR-RT624WE-PGN(22) 450 لتر أسود,Toshiba Refrigerator GR-RT624WE-PGN(22) 450 L Black,ثلاجات,FRIDGES,Rezk Store,33299.00,active,2026-08-22 15:46:37.561
fce4472d-84cc-452e-b547-fc91dfa2dbc3,GR-RT702WE-PMN(57),toshiba-refrigerator-gr-rt702we-pmn57-535-l-silver,توشيبا ثلاجة GR-RT702WE-PMN(57) 535 لتر فضي,Toshiba Refrigerator GR-RT702WE-PMN(57) 535 L Silver,ثلاجات,FRIDGES,Rezk Store,39099.00,active,2026-08-22 15:46:37.555
abf74c86-9426-44c8-a3ed-dc5abec45c9d,GR-RT702WE-PMN(02),toshiba-refrigerator-gr-rt702we-pmn02-535-l-inox,توشيبا ثلاجة GR-RT702WE-PMN(02) 535 لتر إنوكس,Toshiba Refrigerator GR-RT702WE-PMN(02) 535 L Inox,ثلاجات,FRIDGES,Rezk Store,39099.00,active,2026-08-22 15:46:37.547
84b1bca3-3291-4860-b30b-c8b7e26cf27a,GR-RT702WE-PMN(06),toshiba-refrigerator-gr-rt702we-pmn06-535-l-morandi-grey,توشيبا ثلاجة GR-RT702WE-PMN(06) 535 لتر رمادي موراندي,Toshiba Refrigerator GR-RT702WE-PMN(06) 535 L Morandi Grey,ثلاجات,FRIDGES,Rezk Store,39599.00,active,2026-08-22 15:46:37.539
b1c6a3e6-7963-4bbc-acc2-29db76f17073,GR-RS905WIA-PGN(22),toshiba-refrigerator-gr-rs905wia-pgn22-699-l-black,توشيبا ثلاجة GR-RS905WIA-PGN(22) 699 لتر أسود,Toshiba Refrigerator GR-RS905WIA-PGN(22) 699 L Black,ثلاجات,FRIDGES,Rezk Store,84499.00,active,2026-08-22 15:46:37.534
38ce4ac6-f35b-4d41-96c2-a8982e515bd0,GR-RF895WIA-PGN(22),toshiba-refrigerator-gr-rf895wia-pgn22-696-l-black,توشيبا ثلاجة GR-RF895WIA-PGN(22) 696 لتر أسود,Toshiba Refrigerator GR-RF895WIA-PGN(22) 696 L Black,ثلاجات,FRIDGES,Rezk Store,100999.00,active,2026-08-22 15:46:37.529
fa0db7a1-5d09-400a-bbf7-48a598dcf151,GR-RM921WI-PGN(B1),toshiba-refrigerator-gr-rm921wi-pgnb1-683-l-black,توشيبا ثلاجة GR-RM921WI-PGN(B1) 683 لتر أسود,Toshiba Refrigerator GR-RM921WI-PGN(B1) 683 L Black,ثلاجات,FRIDGES,Rezk Store,254999.00,active,2026-08-22 15:46:37.523
662e983d-968b-4180-9fe9-cd98d4a96a38,DW-13F8AF(SS)-EG,toshiba-dishwasher-dw-13f8afss-eg-13-place-sets-inox,توشيبا غسالة اطباق DW-13F8AF(SS)-EG 13 فرد إنوكس,Toshiba Dishwasher DW-13F8AF(SS)-EG 13 place sets Inox,"غسالات الاطباق""",DISH WASHER,Rezk Store,20999.00,active,2026-08-22 15:42:43.393
b40bf94f-2f18-4489-ad11-235d6d41f77b,DW-15F6AF(G)-EG,toshiba-dishwasher-dw-15f6afg-eg-15-place-sets-morandi-grey,توشيبا غسالة اطباق DW-15F6AF(G)-EG 15 فرد رمادي موراندي,Toshiba Dishwasher DW-15F6AF(G)-EG 15 place sets Morandi Grey,"غسالات الاطباق""",DISH WASHER,Rezk Store,36999.00,active,2026-08-22 15:42:43.381
b337de66-91d1-4676-8d2a-0d3fe9b71b7e,VH-Q110MEG,toshiba-washing-machine-vh-q110meg-10-kg-white,توشيبا غسالة ملابس VH-Q110MEG 10 كيلو أبيض,Toshiba Washing Machine VH-Q110MEG 10 KG White,غسالات ملابس,WASHING MACHINE,Rezk Store,7699.00,active,2026-08-22 15:40:59.722
360af5d9-3f5b-4360-adb3-4af3f62a306b,VH-Q130MEG,toshiba-washing-machine-vh-q130meg-12-kg-white,توشيبا غسالة ملابس VH-Q130MEG 12 كيلو أبيض,Toshiba Washing Machine VH-Q130MEG 12 KG White,غسالات ملابس,WASHING MACHINE,Rezk Store,8099.00,active,2026-08-22 15:40:59.719
d0a2ca60-74e0-4653-9e16-3f4f1d38450a,VH-Q150MEG,toshiba-washing-machine-vh-q150meg-14-kg-white,توشيبا غسالة ملابس VH-Q150MEG 14 كيلو أبيض,Toshiba Washing Machine VH-Q150MEG 14 KG White,غسالات ملابس,WASHING MACHINE,Rezk Store,9199.00,active,2026-08-22 15:40:59.717
3c91014e-731c-4b5f-975d-babac85ad391,AW-M901BPEG(SG),toshiba-washing-machine-aw-m901bpegsg-8-kg-silver,توشيبا غسالة ملابس AW-M901BPEG(SG) 8 كيلو فضي,Toshiba Washing Machine AW-M901BPEG(SG) 8 KG Silver,غسالات ملابس,WASHING MACHINE,Rezk Store,9649.00,active,2026-08-22 15:40:59.711
cbd683fe-0808-47f3-b84d-173fdd95c7ab,AW-J900DUPEG(MK),toshiba-washing-machine-aw-j900dupegmk-9-kg-morandi-grey,توشيبا غسالة ملابس AW-J900DUPEG(MK) 9 كيلو رمادي موراندي,Toshiba Washing Machine AW-J900DUPEG(MK) 9 KG Morandi Grey,غسالات ملابس,WASHING MACHINE,Rezk Store,12099.00,active,2026-08-22 15:40:59.705
ebe9dd60-ff4c-400a-8878-b8fb6b5a5b41,AW-UK1100HUPEG(MK),toshiba-washing-machine-aw-uk1100hupegmk-11-kg-morandi-grey,توشيبا غسالة ملابس AW-UK1100HUPEG(MK) 11 كيلو رمادي موراندي,Toshiba Washing Machine AW-UK1100HUPEG(MK) 11 KG Morandi Grey,غسالات ملابس,WASHING MACHINE,Rezk Store,15599.00,active,2026-08-22 15:40:59.696
9cb17312-6f4e-4a84-8f7e-d548427c687a,AW-DUK1300KUPEG(SK),toshiba-washing-machine-aw-duk1300kupegsk-13-kg-silver,توشيبا غسالة ملابس AW-DUK1300KUPEG(SK) 13 كيلو فضي,Toshiba Washing Machine AW-DUK1300KUPEG(SK) 13 KG Silver,غسالات ملابس,WASHING MACHINE,Rezk Store,17499.00,active,2026-08-22 15:40:59.692
6a56a6d8-832d-47bb-97a1-f7140432dba0,AW-DUK1300KUPEG(MK),toshiba-washing-machine-aw-duk1300kupegmk-13-kg-morandi-grey,توشيبا غسالة ملابس AW-DUK1300KUPEG(MK) 13 كيلو رمادي موراندي,Toshiba Washing Machine AW-DUK1300KUPEG(MK) 13 KG Morandi Grey,غسالات ملابس,WASHING MACHINE,Rezk Store,17649.00,active,2026-08-22 15:40:59.689
0c78f95c-1c4a-496f-a297-dc2201781ddb,AW-DUHN1600LUPEG(SK),toshiba-washing-machine-aw-duhn1600lupegsk-15-kg-silver,توشيبا غسالة ملابس AW-DUHN1600LUPEG(SK) 15 كيلو فضي,Toshiba Washing Machine AW-DUHN1600LUPEG(SK) 15 KG Silver,غسالات ملابس,WASHING MACHINE,Rezk Store,21499.00,active,2026-08-22 15:40:59.687
6edb54a6-0c06-4413-9e46-5a4dbb3d211e,AW-DUHN1600LUPEG(MK),toshiba-washing-machine-aw-duhn1600lupegmk-15-kg-morandi-grey,توشيبا غسالة ملابس AW-DUHN1600LUPEG(MK) 15 كيلو رمادي موراندي,Toshiba Washing Machine AW-DUHN1600LUPEG(MK) 15 KG Morandi Grey,غسالات ملابس,WASHING MACHINE,Rezk Store,21649.00,active,2026-08-22 15:40:59.684
636c5354-c0f5-44c6-a290-906f919a48ec,TW-BK90GF4EG(MK),toshiba-washing-machine-tw-bk90gf4egmk-8-kg-morandi-grey,توشيبا غسالة ملابس TW-BK90GF4EG(MK) 8 كيلو رمادي موراندي,Toshiba Washing Machine TW-BK90GF4EG(MK) 8 KG Morandi Grey,غسالات ملابس,WASHING MACHINE,Rezk Store,20199.00,active,2026-08-22 15:40:59.681
0fb8106a-d719-4e20-8966-0da5b2affc1c,TW-T21BU95UWEG(SG),toshiba-washing-machine-tw-t21bu95uwegsg-85-kg-silver,توشيبا غسالة ملابس TW-T21BU95UWEG(SG) 8.5 كيلو فضي,Toshiba Washing Machine TW-T21BU95UWEG(SG) 8.5 KG Silver,غسالات ملابس,WASHING MACHINE,Rezk Store,17999.00,active,2026-08-22 15:40:59.679
3f4dd353-7a01-4d06-9fd9-f435c6130228,TW-T21BU95UWEG(MG),toshiba-washing-machine-tw-t21bu95uwegmg-85-kg-morandi-grey,توشيبا غسالة ملابس TW-T21BU95UWEG(MG) 8.5 كيلو رمادي موراندي,Toshiba Washing Machine TW-T21BU95UWEG(MG) 8.5 KG Morandi Grey,غسالات ملابس,WASHING MACHINE,Rezk Store,17999.00,active,2026-08-22 15:40:59.676
f2efc7a8-671a-434c-b117-26e72bb2a32a,TW-T21BU115UWEG(MG),toshiba-washing-machine-tw-t21bu115uwegmg-105-kg-morandi-grey,توشيبا غسالة ملابس TW-T21BU115UWEG(MG) 10.5 كيلو رمادي موراندي,Toshiba Washing Machine TW-T21BU115UWEG(MG) 10.5 KG Morandi Grey,غسالات ملابس,WASHING MACHINE,Rezk Store,21999.00,active,2026-08-22 15:40:59.673
ce77f8eb-7d8d-46f7-b1d5-608977753339,TW-BK100GF4EG(MK),toshiba-washing-machine-tw-bk100gf4egmk-9-kg-morandi-grey,توشيبا غسالة ملابس TW-BK100GF4EG(MK) 9 كيلو رمادي موراندي,Toshiba Washing Machine TW-BK100GF4EG(MK) 9 KG Morandi Grey,غسالات ملابس,WASHING MACHINE,Rezk Store,21199.00,active,2026-08-22 15:40:59.669
597fde38-372f-4d0e-a766-529ca71b114f,TW-BK115GF4EG(MK),toshiba-washing-machine-tw-bk115gf4egmk-105-kg-morandi-grey,توشيبا غسالة ملابس TW-BK115GF4EG(MK) 10.5 كيلو رمادي موراندي,Toshiba Washing Machine TW-BK115GF4EG(MK) 10.5 KG Morandi Grey,غسالات ملابس,WASHING MACHINE,Rezk Store,25599.00,active,2026-08-22 15:40:59.666
5d994eff-e4cb-4aab-895e-3eebf3971912,TW-T25BZU115MWEG(MG),toshiba-washing-machine-tw-t25bzu115mwegmg-105-kg-morandi-grey,توشيبا غسالة ملابس TW-T25BZU115MWEG(MG) 10.5 كيلو رمادي موراندي,Toshiba Washing Machine TW-T25BZU115MWEG(MG) 10.5 KG Morandi Grey,غسالات ملابس,WASHING MACHINE,Rezk Store,31999.00,active,2026-08-22 15:40:59.662
b1b9b8f6-48fe-41be-a630-29bcc15a88f3,TWD-BM100GF4EG(MK),toshiba-washing-machine-twd-bm100gf4egmk-wash-9-kg-dry-6-kg-morandi-grey,توشيبا غسالة ملابس TWD-BM100GF4EG(MK) غسيل 9 كيلو / تجفيف 6 كيلو رمادي موراندي,Toshiba Washing Machine TWD-BM100GF4EG(MK) Wash 9 KG / Dry 6 KG Morandi Grey,غسالات ملابس,WASHING MACHINE,Rezk Store,28499.00,active,2026-08-22 15:40:59.657
139f0aed-c27e-4361-ae98-5fc24e9bda84,TWD-BM115GF4EG(MK),toshiba-washing-machine-twd-bm115gf4egmk-wash-105-kg-dry-7-kg-morandi-grey,توشيبا غسالة ملابس TWD-BM115GF4EG(MK) غسيل 10.5 كيلو / تجفيف 7 كيلو رمادي موراندي,Toshiba Washing Machine TWD-BM115GF4EG(MK) Wash 10.5 KG / Dry 7 KG Morandi Grey,غسالات ملابس,WASHING MACHINE,Rezk Store,30199.00,active,2026-08-22 15:40:59.648
a07103b4-892f-4221-95f7-9b7d1070785f,TWD-BM130GF4EG(MK),toshiba-washing-machine-twd-bm130gf4egmk-wash-12-kg-dry-8-kg-morandi-grey,توشيبا غسالة ملابس TWD-BM130GF4EG(MK) غسيل 12 كيلو / تجفيف 8 كيلو رمادي موراندي,Toshiba Washing Machine TWD-BM130GF4EG(MK) Wash 12 KG / Dry 8 KG Morandi Grey,غسالات ملابس,WASHING MACHINE,Rezk Store,41499.00,active,2026-08-22 15:40:59.639
fb55160f-ebee-462e-bcd6-dca5b2d2966d,KEH 45,kiriazi-water-heater-keh-45-45-liters,كريازي سخان مياه KEH 45 45 لتر,Kiriazi Water Heater KEH 45 45 Liters,سخانات كهربائية,Electric Water Heater,Rezk Store,3980.00,active,2026-08-22 15:26:35.156
0cbb7135-f482-4dcc-8e57-54638d115854,KEH 55,kiriazi-water-heater-keh-55-55-liters,كريازي سخان مياه KEH 55 55 لتر,Kiriazi Water Heater KEH 55 55 Liters,سخانات كهربائية,Electric Water Heater,Rezk Store,4175.00,active,2026-08-22 15:26:35.151
230aea2c-826f-425d-9513-81caebcb0577,KEH 65,kiriazi-water-heater-keh-65-65-liters,كريازي سخان مياه KEH 65 65 لتر,Kiriazi Water Heater KEH 65 65 Liters,سخانات كهربائية,Electric Water Heater,Rezk Store,4500.00,active,2026-08-22 15:26:35.147
072ca377-5685-4652-aed0-b53fb8602a92,KH51,kiriazi-water-heater-kh51-5-liters,كريازي سخان مياه KH51 5 لتر,Kiriazi Water Heater KH51 5 Liters,سخانات كهربائية,Electric Water Heater,Rezk Store,3650.00,active,2026-08-22 15:26:35.143
72d32ea5-02c8-4bdf-9148-07c8a4c24a17,5/1,kiriazi-water-heater-51-5-liters,كريازي سخان مياه 5/1 5 لتر,Kiriazi Water Heater 5/1 5 Liters,سخانات كهربائية,Electric Water Heater,Rezk Store,3650.00,active,2026-08-22 15:26:35.139
cd4455ee-9657-43b6-acd5-a2e301d0dab7,51AD,kiriazi-water-heater-51ad-5-liters,كريازي سخان مياه 51AD 5 لتر,Kiriazi Water Heater 51AD 5 Liters,سخانات كهربائية,Electric Water Heater,Rezk Store,3985.00,active,2026-08-22 15:26:35.134
bc069c0d-e2ad-4a87-9d23-1a71544b384f,KH51AD,kiriazi-water-heater-kh51ad-5-liters,كريازي سخان مياه KH51AD 5 لتر,Kiriazi Water Heater KH51AD 5 Liters,سخانات كهربائية,Electric Water Heater,Rezk Store,3985.00,active,2026-08-22 15:26:35.129
ec9bbbd1-0a82-4d37-a82d-79a7c532da5b,H101,kiriazi-water-heater-h101-10-liters,كريازي سخان مياه H101 10 لتر,Kiriazi Water Heater H101 10 Liters,سخانات كهربائية,Electric Water Heater,Rezk Store,5235.00,active,2026-08-22 15:26:35.126
e1adabee-8350-4db7-9577-e9c3eec854a3,KH101,kiriazi-water-heater-kh101-10-liters,كريازي سخان مياه KH101 10 لتر,Kiriazi Water Heater KH101 10 Liters,سخانات كهربائية,Electric Water Heater,Rezk Store,5235.00,active,2026-08-22 15:26:35.123
933cdc88-3426-45e0-aa9d-fdacfecae9e2,10/1 AD,kiriazi-water-heater-101-ad-10-liters,كريازي سخان مياه 10/1 AD 10 لتر,Kiriazi Water Heater 10/1 AD 10 Liters,سخانات كهربائية,Electric Water Heater,Rezk Store,5545.00,active,2026-08-22 15:26:35.114
dd0b64ab-174e-4808-b758-9e29792f3e37,101AD,kiriazi-water-heater-101ad-10-liters,كريازي سخان مياه 101AD 10 لتر,Kiriazi Water Heater 101AD 10 Liters,سخانات كهربائية,Electric Water Heater,Rezk Store,5545.00,active,2026-08-22 15:26:35.104
9bdf0410-f15a-4773-b876-25917b555b37,6700,kiriazi-cooker-6700-60-cm,كريازي بوتاجاز 6700 60 سم,Kiriazi Cooker 6700 60 cm,بوتاجازات,COOKERS,Rezk Store,7995.00,active,2026-08-22 15:24:34.718
3d940993-3f6b-4e04-a511-96bf121afdf0,6400,kiriazi-cooker-6400-60-cm-stainless-steel,كريازي بوتاجاز 6400 60 سم ستانلس ستيل,Kiriazi Cooker 6400 60 cm Stainless Steel,بوتاجازات,COOKERS,Rezk Store,11140.00,active,2026-08-22 15:24:34.714
fa02a3c1-2bbf-4b59-979f-1f5e3f96b79a,8600,kiriazi-cooker-8600-80-cm-stainless-steel,كريازي بوتاجاز 8600 80 سم ستانلس ستيل,Kiriazi Cooker 8600 80 cm Stainless Steel,بوتاجازات,COOKERS,Rezk Store,14550.00,active,2026-08-22 15:24:34.71
a19df77d-3159-4511-82bf-e63394e67bcc,8604/1,kiriazi-cooker-86041-80-cm,كريازي بوتاجاز 8604/1 80 سم,Kiriazi Cooker 8604/1 80 cm,بوتاجازات,COOKERS,Rezk Store,17315.00,active,2026-08-22 15:24:34.706
5aa39549-f269-465d-b17c-6c742fc1435d,9700W1F,kiriazi-cooker-9700w1f-90-cm,كريازي بوتاجاز 9700W1F 90 سم,Kiriazi Cooker 9700W1F 90 cm,بوتاجازات,COOKERS,Rezk Store,12785.00,active,2026-08-22 15:24:34.702
5fd5cac7-900d-4e52-99ea-dc5b08b47bfc,8900,kiriazi-cooker-8900-90-cm-stainless-steel,كريازي بوتاجاز 8900 90 سم ستانلس ستيل,Kiriazi Cooker 8900 90 cm Stainless Steel,بوتاجازات,COOKERS,Rezk Store,14905.00,active,2026-08-22 15:24:34.699
3bf11e7b-50f8-4ac4-87ac-a1ae09f1b075,9600,kiriazi-cooker-9600-90-cm-stainless-steel,كريازي بوتاجاز 9600 90 سم ستانلس ستيل,Kiriazi Cooker 9600 90 cm Stainless Steel,بوتاجازات,COOKERS,Rezk Store,15880.00,active,2026-08-22 15:24:34.689
b63998b9-da2f-4f7c-a3dd-ffb67e669457,Super 8900,kiriazi-cooker-super-8900-90-cm-stainless-steel,كريازي بوتاجاز Super 8900 90 سم ستانلس ستيل,Kiriazi Cooker Super 8900 90 cm Stainless Steel,بوتاجازات,COOKERS,Rezk Store,16300.00,active,2026-08-22 15:24:34.683
d7155822-fbd3-4287-bfe5-f0e9f14336c6,9604/17,kiriazi-cooker-960417-90-cm,كريازي بوتاجاز 9604/17 90 سم,Kiriazi Cooker 9604/17 90 cm,بوتاجازات,COOKERS,Rezk Store,18330.00,active,2026-08-22 15:24:34.678
3d00ec5a-8508-402e-ae10-7798241c7b55,9605F,kiriazi-cooker-9605f-90-cm,كريازي بوتاجاز 9605F 90 سم,Kiriazi Cooker 9605F 90 cm,بوتاجازات,COOKERS,Rezk Store,18530.00,active,2026-08-22 15:24:34.673
ec98c264-e584-42a5-a9d2-9e2985c2c634,9604F,kiriazi-cooker-9604f-90-cm,كريازي بوتاجاز 9604F 90 سم,Kiriazi Cooker 9604F 90 cm,بوتاجازات,COOKERS,Rezk Store,20355.00,active,2026-08-22 15:24:34.668
6fa35a33-46a1-4080-9c77-4e7a9fbcac02,90FC91,kiriazi-cooker-90fc91-90-cm-stainless-steel,كريازي بوتاجاز 90FC91 90 سم ستانلس ستيل,Kiriazi Cooker 90FC91 90 cm Stainless Steel,بوتاجازات,COOKERS,Rezk Store,26340.00,active,2026-08-22 15:24:34.652
1f63b3b2-3c94-4b75-b2ac-7a4147d29b27,K2TW-9,kiriazi-washing-machine-k2tw-9-9-kg,كريازي غسالة ملابس K2TW-9 9 كيلو,Kiriazi Washing Machine K2TW-9 9 Kg,غسالات ملابس,WASHING MACHINE,Rezk Store,6055.00,active,2026-08-22 15:22:02.309
f7e90479-fca7-43c3-bf37-69c75e349c5a,K2TW,kiriazi-washing-machine-k2tw-7-kg,كريازي غسالة ملابس K2TW 7 كيلو,Kiriazi Washing Machine K2TW 7 Kg,غسالات ملابس,WASHING MACHINE,Rezk Store,5775.00,active,2026-08-22 15:22:02.303
43238805-351a-4c23-a8c4-ff07b0508089,KTW 12126CS,kiriazi-washing-machine-ktw-12126cs-12-kg,كريازي غسالة ملابس KTW 12126CS 12 كيلو,Kiriazi Washing Machine KTW 12126CS 12 Kg,غسالات ملابس,WASHING MACHINE,Rezk Store,20280.00,active,2026-08-22 15:22:02.298
143ef09f-38d7-4a66-95ec-b430fc24dc1c,KTW 1212CS,kiriazi-washing-machine-ktw-1212cs-12-kg,كريازي غسالة ملابس KTW 1212CS 12 كيلو,Kiriazi Washing Machine KTW 1212CS 12 Kg,غسالات ملابس,WASHING MACHINE,Rezk Store,21880.00,active,2026-08-22 15:22:02.29
0f65ab13-669d-401b-a695-27fd14026034,KW1209,kiriazi-washing-machine-kw1209-9-kg-metallic-grey,كريازي غسالة ملابس KW1209 9 كيلو رمادي ميتاليك,Kiriazi Washing Machine KW1209 9 Kg Metallic Grey,غسالات ملابس,WASHING MACHINE,Rezk Store,22305.00,active,2026-08-22 15:22:02.285
f85ee794-78fd-4c54-bcf7-f16f8a31c5db,KW1209-S,kiriazi-washing-machine-kw1209-s-9-kg-silver,كريازي غسالة ملابس KW1209-S 9 كيلو فضي,Kiriazi Washing Machine KW1209-S 9 Kg Silver,غسالات ملابس,WASHING MACHINE,Rezk Store,22305.00,active,2026-08-22 15:22:02.279
f4ad492b-cae6-4153-82ab-6c0cf086a7f7,KW1210S,kiriazi-washing-machine-kw1210s-10-kg-silver,كريازي غسالة ملابس KW1210S 10 كيلو فضي,Kiriazi Washing Machine KW1210S 10 Kg Silver,غسالات ملابس,WASHING MACHINE,Rezk Store,23035.00,active,2026-08-22 15:22:02.27
86c092f5-2054-4fe3-96dc-dd8f98996c97,E230 N5/3,kiriazi-freezer-e230-n53-5-drawers,كريازي فريزر E230 N5/3 5 درج,Kiriazi Freezer E230 N5/3 5 Drawers,ديب فريزر,deep freezer,Rezk Store,27680.00,active,2026-08-22 15:19:20.947
806f4499-a19c-4c13-8f44-b2bc4e278695,H235VF,kiriazi-freezer-h235vf-5-drawers-gold-silver,كريازي فريزر H235VF 5 درج فضي ذهبي,Kiriazi Freezer H235VF 5 Drawers Gold Silver,ديب فريزر,deep freezer,Rezk Store,28595.00,active,2026-08-22 15:19:20.939
c1cce988-3ab2-43cd-99cb-38385c701b8f,KH235,kiriazi-freezer-kh235-5-drawers-black,كريازي فريزر KH235 5 درج أسود,Kiriazi Freezer KH235 5 Drawers Black,ديب فريزر,deep freezer,Rezk Store,28705.00,active,2026-08-22 15:19:20.935
d84f03b4-6b5a-42dc-86de-f44eb305efd8,E250 6/3,kiriazi-freezer-e250-63-6-drawers,كريازي فريزر E250 6/3 6 درج,Kiriazi Freezer E250 6/3 6 Drawers,ديب فريزر,deep freezer,Rezk Store,30080.00,active,2026-08-22 15:19:20.932
68b2af6d-6428-413d-aade-fc25bf113dda,H256VF,kiriazi-freezer-h256vf-6-drawers-black,كريازي فريزر H256VF 6 درج أسود,Kiriazi Freezer H256VF 6 Drawers Black,ديب فريزر,deep freezer,Rezk Store,31965.00,active,2026-08-22 15:19:20.925
2d445127-2f79-402a-b1ab-6b748eec1550,KH256VF,kiriazi-freezer-kh256vf-6-drawers-black,كريازي فريزر KH256VF 6 درج أسود,Kiriazi Freezer KH256VF 6 Drawers Black,ديب فريزر,deep freezer,Rezk Store,31965.00,active,2026-08-22 15:19:20.921
a0e80f4f-0a3a-4955-88a5-df5a824b9027,E180,kiriazi-freezer-e180-180-liters,كريازي فريزر E180 180 لتر,Kiriazi Freezer E180 180 Liters,ديب فريزر,deep freezer,Rezk Store,15385.00,active,2026-08-22 15:19:20.917
578fb200-f99b-48ef-b710-98008c35feac,KH185,kiriazi-freezer-kh185-185-liters,كريازي فريزر KH185 185 لتر,Kiriazi Freezer KH185 185 Liters,ديب فريزر,deep freezer,Rezk Store,15445.00,active,2026-08-22 15:19:20.914
ed064559-fd30-4309-a5f0-a06527140c79,185 CF,kiriazi-freezer-185-cf-185-liters,كريازي فريزر 185 CF 185 لتر,Kiriazi Freezer 185 CF 185 Liters,ديب فريزر,deep freezer,Rezk Store,15970.00,active,2026-08-22 15:19:20.911
eff01221-e701-4086-bb0d-03da94703655,E220,kiriazi-freezer-e220-220-liters,كريازي فريزر E220 220 لتر,Kiriazi Freezer E220 220 Liters,ديب فريزر,deep freezer,Rezk Store,17345.00,active,2026-08-22 15:19:20.906
3ed774c4-dbea-4460-916a-65b90a01084f,H225,kiriazi-freezer-h225-225-liters,كريازي فريزر H225 225 لتر,Kiriazi Freezer H225 225 Liters,ديب فريزر,deep freezer,Rezk Store,17345.00,active,2026-08-22 15:19:20.902
6afa7e62-fd5e-4ea1-a474-8875b72a7636,H225 CF,kiriazi-freezer-h225-cf-225-liters,كريازي فريزر H225 CF 225 لتر,Kiriazi Freezer H225 CF 225 Liters,ديب فريزر,deep freezer,Rezk Store,17905.00,active,2026-08-22 15:19:20.897
f62723ab-9035-40f6-8b96-2b452e52a4a3,E336,kiriazi-freezer-e336-336-liters,كريازي فريزر E336 336 لتر,Kiriazi Freezer E336 336 Liters,ديب فريزر,deep freezer,Rezk Store,21670.00,active,2026-08-22 15:19:20.889
e43d4713-3805-4066-aa19-9078a6c082c0,KH338,kiriazi-freezer-kh338-338-liters,كريازي فريزر KH338 338 لتر,Kiriazi Freezer KH338 338 Liters,ديب فريزر,deep freezer,Rezk Store,22290.00,active,2026-08-22 15:19:20.874
0c33fd36-900b-4bb5-be25-af274f93ef14,315/2,kiriazi-refrigerator-3152-315-liters,كريازي ثلاجة 315/2 315 لتر,Kiriazi Refrigerator 315/2 315 Liters,ثلاجات,FRIDGES,Rezk Store,13170.00,active,2026-08-22 15:15:55.774
98b94485-d91a-4c60-b688-970736f9b018,325/2,kiriazi-refrigerator-3252-325-liters,كريازي ثلاجة 325/2 325 لتر,Kiriazi Refrigerator 325/2 325 Liters,ثلاجات,FRIDGES,Rezk Store,13465.00,active,2026-08-22 15:15:55.769
4c4cbcfe-8920-40ad-abf9-9424d7e5db66,28,kiriazi-refrigerator-28-280-liters,كريازي ثلاجة 28 280 لتر,Kiriazi Refrigerator 28 280 Liters,ثلاجات,FRIDGES,Rezk Store,15475.00,active,2026-08-22 15:15:55.763
2a0426d6-49d6-4953-902b-2f8e2940f188,KH282/1 LD,kiriazi-refrigerator-kh2821-ld-280-liters,كريازي ثلاجة KH282/1 LD 280 لتر,Kiriazi Refrigerator KH282/1 LD 280 Liters,ثلاجات,FRIDGES,Rezk Store,15655.00,active,2026-08-22 15:15:55.757
cd7183bd-0add-4aeb-9e7f-1343c3616d4e,320/2,kiriazi-refrigerator-3202-320-liters,كريازي ثلاجة 320/2 320 لتر,Kiriazi Refrigerator 320/2 320 Liters,ثلاجات,FRIDGES,Rezk Store,17875.00,active,2026-08-22 15:15:55.753
79a2117a-543b-4403-ae39-21aa2d0de67a,330,kiriazi-refrigerator-330-330-liters,كريازي ثلاجة 330 330 لتر,Kiriazi Refrigerator 330 330 Liters,ثلاجات,FRIDGES,Rezk Store,16095.00,active,2026-08-22 15:15:55.75
8eaf336a-0a94-4b75-bd20-1992fc35b6af,K330/1,kiriazi-refrigerator-k3301-330-liters,كريازي ثلاجة K330/1 330 لتر,Kiriazi Refrigerator K330/1 330 Liters,ثلاجات,FRIDGES,Rezk Store,16820.00,active,2026-08-22 15:15:55.746
c81673c9-b7a7-426d-b2e5-5130b9477371,R350/2,kiriazi-refrigerator-r3502-350-liters,كريازي ثلاجة R350/2 350 لتر,Kiriazi Refrigerator R350/2 350 Liters,ثلاجات,FRIDGES,Rezk Store,18925.00,active,2026-08-22 15:15:55.737
bfef1d56-9159-4a7b-a34c-f2cce2888b97,KR350/4,kiriazi-refrigerator-kr3504-350-liters,كريازي ثلاجة KR350/4 350 لتر,Kiriazi Refrigerator KR350/4 350 Liters,ثلاجات,FRIDGES,Rezk Store,19275.00,active,2026-08-22 15:15:55.73
9d63e3db-cf53-4835-b616-1ec93709aafc,H350LD,kiriazi-refrigerator-h350ld-350-liters,كريازي ثلاجة H350LD 350 لتر,Kiriazi Refrigerator H350LD 350 Liters,ثلاجات,FRIDGES,Rezk Store,19470.00,active,2026-08-22 15:15:55.722
25e1293e-acc9-4c87-9a9f-f35bee2b8a10,KH350LD/1,kiriazi-refrigerator-kh350ld1-350-liters-black,كريازي ثلاجة KH350LD/1 350 لتر أسود,Kiriazi Refrigerator KH350LD/1 350 Liters Black,ثلاجات,FRIDGES,Rezk Store,19470.00,active,2026-08-22 15:15:55.714
7b3e9ff1-3439-4de7-9437-5611c331c840,K460/2,kiriazi-refrigerator-k4602-460-liters,كريازي ثلاجة K460/2 460 لتر,Kiriazi Refrigerator K460/2 460 Liters,ثلاجات,FRIDGES,Rezk Store,22160.00,active,2026-08-22 15:15:55.708
e6b8408d-5757-4363-9d51-63b8cecd6a17,ER370N/2,kiriazi-refrigerator-er370n2-370-liters,كريازي ثلاجة ER370N/2 370 لتر,Kiriazi Refrigerator ER370N/2 370 Liters,ثلاجات,FRIDGES,Rezk Store,22520.00,active,2026-08-22 15:15:55.703
8b49effe-a587-4fe7-b455-1367591f2687,ER370/3,kiriazi-refrigerator-er3703-370-liters-black,كريازي ثلاجة ER370/3 370 لتر أسود,Kiriazi Refrigerator ER370/3 370 Liters Black,ثلاجات,FRIDGES,Rezk Store,22790.00,active,2026-08-22 15:15:55.696
22064a60-417d-4b1b-8526-e1abfc1da5eb,371NV/2,kiriazi-refrigerator-371nv2-370-liters-silver,كريازي ثلاجة 371NV/2 370 لتر فضي,Kiriazi Refrigerator 371NV/2 370 Liters Silver,ثلاجات,FRIDGES,Rezk Store,23245.00,active,2026-08-22 15:15:55.691
7ad1b85a-8ba5-4532-a652-301d13023648,KH371/2,kiriazi-refrigerator-kh3712-370-liters-black,كريازي ثلاجة KH371/2 370 لتر أسود,Kiriazi Refrigerator KH371/2 370 Liters Black,ثلاجات,FRIDGES,Rezk Store,23430.00,active,2026-08-22 15:15:55.685
eb455183-f099-46f0-bb74-7d7614023387,KH370LN/1,kiriazi-refrigerator-kh370ln1-370-liters-black,كريازي ثلاجة KH370LN/1 370 لتر أسود,Kiriazi Refrigerator KH370LN/1 370 Liters Black,ثلاجات,FRIDGES,Rezk Store,23470.00,active,2026-08-22 15:15:55.675
474a3fbd-a9f0-4166-ae89-4d1d7707876f,KH370LN,kiriazi-refrigerator-kh370ln-370-liters-black,كريازي ثلاجة KH370LN 370 لتر أسود,Kiriazi Refrigerator KH370LN 370 Liters Black,ثلاجات,FRIDGES,Rezk Store,23470.00,active,2026-08-22 15:15:55.667
4107a2fa-2eba-45df-9b40-07742e688ab5,KH371/3,kiriazi-refrigerator-kh3713-370-liters-black,كريازي ثلاجة KH371/3 370 لتر أسود,Kiriazi Refrigerator KH371/3 370 Liters Black,ثلاجات,FRIDGES,Rezk Store,25010.00,active,2026-08-22 15:15:55.659
7973fa14-6f70-49ce-95cd-d3a8f20fc24c,KH370L/3,kiriazi-refrigerator-kh370l3-370-liters-black,كريازي ثلاجة KH370L/3 370 لتر أسود,Kiriazi Refrigerator KH370L/3 370 Liters Black,ثلاجات,FRIDGES,Rezk Store,25040.00,active,2026-08-22 15:15:55.647
20b0e3fd-48f3-4956-b442-7c7f6dc9b6cb,KH380LN,kiriazi-refrigerator-kh380ln-380-liters-silver,كريازي ثلاجة KH380LN 380 لتر فضي,Kiriazi Refrigerator KH380LN 380 Liters Silver,ثلاجات,FRIDGES,Rezk Store,33445.00,active,2026-08-22 15:15:55.633
925ebf64-5274-41ec-91b8-0b7acdeb843e,KH380LN/15,kiriazi-refrigerator-kh380ln15-380-liters-black,كريازي ثلاجة KH380LN/15 380 لتر أسود,Kiriazi Refrigerator KH380LN/15 380 Liters Black,ثلاجات,FRIDGES,Rezk Store,37630.00,active,2026-08-22 15:15:55.614
11497c69-c3d9-4536-902b-598a7f800f1a,KH425LN,kiriazi-refrigerator-kh425ln-425-liters-silver,كريازي ثلاجة KH425LN 425 لتر فضي,Kiriazi Refrigerator KH425LN 425 Liters Silver,ثلاجات,FRIDGES,Rezk Store,36720.00,active,2026-08-22 15:15:55.603
7672d37e-4fb9-4fa6-a15c-07f19f66c890,E450/2,kiriazi-refrigerator-e4502-450-liters-silver,كريازي ثلاجة E450/2 450 لتر فضي,Kiriazi Refrigerator E450/2 450 Liters Silver,ثلاجات,FRIDGES,Rezk Store,30315.00,active,2026-08-22 15:15:55.595
e8189cb5-11d3-450e-817f-009c5abe4bff,E470/2,kiriazi-refrigerator-e4702-450-liters-black,كريازي ثلاجة E470/2 450 لتر أسود,Kiriazi Refrigerator E470/2 450 Liters Black,ثلاجات,FRIDGES,Rezk Store,31710.00,active,2026-08-22 15:15:55.589
5c70a64e-5b1c-4b33-a03a-21a46531024e,KH450LN/1,kiriazi-refrigerator-kh450ln1-450-liters-black,كريازي ثلاجة KH450LN/1 450 لتر أسود,Kiriazi Refrigerator KH450LN/1 450 Liters Black,ثلاجات,FRIDGES,Rezk Store,38105.00,active,2026-08-22 15:15:55.585
e0cb48c2-474b-441e-91ca-ed88c626b46d,KH450LN,kiriazi-refrigerator-kh450ln-450-liters-silver,كريازي ثلاجة KH450LN 450 لتر فضي,Kiriazi Refrigerator KH450LN 450 Liters Silver,ثلاجات,FRIDGES,Rezk Store,38105.00,active,2026-08-22 15:15:55.578
0a995ac0-80ef-4533-b0ba-5bcb712ee108,500/2,kiriazi-refrigerator-5002-480-liters-silver,كريازي ثلاجة 500/2 480 لتر فضي,Kiriazi Refrigerator 500/2 480 Liters Silver,ثلاجات,FRIDGES,Rezk Store,33375.00,active,2026-08-22 15:15:55.573
ba825500-dc27-40f7-8f90-18b7b644abac,520/2,kiriazi-refrigerator-5202-480-liters-black,كريازي ثلاجة 520/2 480 لتر أسود,Kiriazi Refrigerator 520/2 480 Liters Black,ثلاجات,FRIDGES,Rezk Store,34705.00,active,2026-08-22 15:15:55.562
7c732ad5-8ee4-4244-a6c3-9721676cce89,E550/2,kiriazi-refrigerator-e5502-535-liters-silver,كريازي ثلاجة E550/2 535 لتر فضي,Kiriazi Refrigerator E550/2 535 Liters Silver,ثلاجات,FRIDGES,Rezk Store,34205.00,active,2026-08-22 15:15:55.557
290abc01-0c6d-4cf5-9b59-3af230bde501,E570/2,kiriazi-refrigerator-e5702-535-liters-black,كريازي ثلاجة E570/2 535 لتر أسود,Kiriazi Refrigerator E570/2 535 Liters Black,ثلاجات,FRIDGES,Rezk Store,35550.00,active,2026-08-22 15:15:55.548
71cbdd5b-1206-4cd5-bd85-d80da9572941,KH540LN,kiriazi-refrigerator-kh540ln-540-liters-black,كريازي ثلاجة KH540LN 540 لتر أسود,Kiriazi Refrigerator KH540LN 540 Liters Black,ثلاجات,FRIDGES,Rezk Store,46295.00,active,2026-08-22 15:15:55.537
e1cae0ed-cea3-4407-9fe1-9b1d175adf44,KH625LN,kiriazi-refrigerator-kh625ln-625-liters-black,كريازي ثلاجة KH625LN 625 لتر أسود,Kiriazi Refrigerator KH625LN 625 Liters Black,ثلاجات,FRIDGES,Rezk Store,47630.00,active,2026-08-22 15:15:55.526
cc8d684f-cdd0-42f8-9a39-8f85a1e739fa,KH625LN/15,kiriazi-refrigerator-kh625ln15-625-liters-black,كريازي ثلاجة KH625LN/15 625 لتر أسود,Kiriazi Refrigerator KH625LN/15 625 Liters Black,ثلاجات,FRIDGES,Rezk Store,52335.00,active,2026-08-22 15:15:55.516
5595f44b-6f16-4d4d-8d48-6f52d805a34f,KH690LN/1,kiriazi-refrigerator-kh690ln1-690-liters-black,كريازي ثلاجة KH690LN/1 690 لتر أسود,Kiriazi Refrigerator KH690LN/1 690 Liters Black,ثلاجات,FRIDGES,Rezk Store,48635.00,active,2026-08-22 15:15:55.51
e0e409b8-2616-4edd-b3ec-f6733b8bd66f,KH690LN,kiriazi-refrigerator-kh690ln-690-liters-black,كريازي ثلاجة KH690LN 690 لتر أسود,Kiriazi Refrigerator KH690LN 690 Liters Black,ثلاجات,FRIDGES,Rezk Store,48635.00,active,2026-08-22 15:15:55.502
3a433bb7-0fd1-41cb-945e-501a58b1ca64,KH690LN/15,kiriazi-refrigerator-kh690ln15-690-liters-black,كريازي ثلاجة KH690LN/15 690 لتر أسود,Kiriazi Refrigerator KH690LN/15 690 Liters Black,ثلاجات,FRIDGES,Rezk Store,53410.00,active,2026-08-22 15:15:55.485
3af41a4b-73d5-4d12-b783-130f9728e39a,TC 12K Dark Silver,zanussi-washing-machine-tc-12k-dark-silver-12-kg-dark-silver,زانوسي غسالة ملابس TC 12K Dark Silver 12 كيلو فضي غامق,Zanussi Washing Machine TC 12K Dark Silver 12 Kg Dark Silver,غسالات ملابس,WASHING MACHINE,Rezk Store,12700.00,active,2026-08-22 15:01:51.444
3e8de27e-cb17-4790-9eaf-7a613587ddd5,TC 12K Silver,zanussi-washing-machine-tc-12k-silver-12-kg-silver,زانوسي غسالة ملابس TC 12K Silver 12 كيلو فضي,Zanussi Washing Machine TC 12K Silver 12 Kg Silver,غسالات ملابس,WASHING MACHINE,Rezk Store,12500.00,active,2026-08-22 15:01:51.438
5fd03ab1-c8ee-4ede-8050-a7b31d72ab3b,TC 12K,zanussi-washing-machine-tc-12k-12-kg-white,زانوسي غسالة ملابس TC 12K 12 كيلو أبيض,Zanussi Washing Machine TC 12K 12 Kg White,غسالات ملابس,WASHING MACHINE,Rezk Store,12300.00,active,2026-08-22 15:01:51.432
7684a972-16fc-4909-922d-9f55e0b12b4c,TC 10K Dark Silver,zanussi-washing-machine-tc-10k-dark-silver-10-kg-dark-silver,زانوسي غسالة ملابس TC 10K Dark Silver 10 كيلو فضي غامق,Zanussi Washing Machine TC 10K Dark Silver 10 Kg Dark Silver,غسالات ملابس,WASHING MACHINE,Rezk Store,11700.00,active,2026-08-22 15:01:51.428
dfc494c3-9735-4469-9e4e-2598473c1b56,TC 10K Silver,zanussi-washing-machine-tc-10k-silver-10-kg-silver,زانوسي غسالة ملابس TC 10K Silver 10 كيلو فضي,Zanussi Washing Machine TC 10K Silver 10 Kg Silver,غسالات ملابس,WASHING MACHINE,Rezk Store,11500.00,active,2026-08-22 15:01:51.424
d4bac985-c3f7-40de-b394-56a2c1ce9034,TC 10K,zanussi-washing-machine-tc-10k-10-kg-white,زانوسي غسالة ملابس TC 10K 10 كيلو أبيض,Zanussi Washing Machine TC 10K 10 Kg White,غسالات ملابس,WASHING MACHINE,Rezk Store,11300.00,active,2026-08-22 15:01:51.419
43f39323-081f-44dc-9079-00456af0c92c,TC 8K Dark Silver,zanussi-washing-machine-tc-8k-dark-silver-8-kg-dark-silver,زانوسي غسالة ملابس TC 8K Dark Silver 8 كيلو فضي غامق,Zanussi Washing Machine TC 8K Dark Silver 8 Kg Dark Silver,غسالات ملابس,WASHING MACHINE,Rezk Store,8700.00,active,2026-08-22 15:01:51.414
66619ff8-75ef-4759-9e8c-f7dfed235b7b,TC 8K Silver,zanussi-washing-machine-tc-8k-silver-8-kg-silver,زانوسي غسالة ملابس TC 8K Silver 8 كيلو فضي,Zanussi Washing Machine TC 8K Silver 8 Kg Silver,غسالات ملابس,WASHING MACHINE,Rezk Store,8500.00,active,2026-08-22 15:01:51.409
4ecc5d8c-2127-479a-9711-3b84e4914e52,TC 8K,zanussi-washing-machine-tc-8k-8-kg-white,زانوسي غسالة ملابس TC 8K 8 كيلو أبيض,Zanussi Washing Machine TC 8K 8 Kg White,غسالات ملابس,WASHING MACHINE,Rezk Store,8300.00,active,2026-08-22 15:01:51.401
092041b7-9c6b-4919-813e-6c3bf609a995,13 PS Digital,zanussi-dishwasher-13-ps-digital-13-ps,زانوسي غسالة اطباق 13 PS Digital 13 فرد,Zanussi Dishwasher 13 PS Digital 13 PS,"غسالات الاطباق""",DISH WASHER,Rezk Store,31000.00,active,2026-08-22 14:43:09.855
3e1b6346-5466-4b86-9374-1641c2c5e8e2,13 PS,zanussi-dishwasher-13-ps-13-ps,زانوسي غسالة اطباق 13 PS 13 فرد,Zanussi Dishwasher 13 PS 13 PS,"غسالات الاطباق""",DISH WASHER,Rezk Store,27600.00,active,2026-08-22 14:43:09.843
cd5445b8-1003-4e4a-af5b-d0198234d56d,195L,zanussi-freezer-195l-195-l-white,زانوسي فريزر 195L 195 لتر أبيض,Zanussi Freezer 195L 195 L White,ديب فريزر,deep freezer,Rezk Store,20490.00,active,2026-08-22 14:38:52.158
b7f94297-d538-419b-acab-c99b3da0469a,400L,zanussi-freezer-400l-400-l-white,زانوسي فريزر 400L 400 لتر أبيض,Zanussi Freezer 400L 400 L White,ديب فريزر,deep freezer,Rezk Store,18290.00,active,2026-08-22 14:38:52.153
519e74ca-ea6e-4fdb-9a67-f54eaf654ffd,293L,zanussi-freezer-293l-293-l-white,زانوسي فريزر 293L 293 لتر أبيض,Zanussi Freezer 293L 293 L White,ديب فريزر,deep freezer,Rezk Store,15790.00,active,2026-08-22 14:38:52.149
af2a1762-cc2e-42a0-ae5f-6b895be61fdd,255L,zanussi-freezer-255l-255-l-white,زانوسي فريزر 255L 255 لتر أبيض,Zanussi Freezer 255L 255 L White,ديب فريزر,deep freezer,Rezk Store,14690.00,active,2026-08-22 14:38:52.143
ea8cfd8c-ff3d-4947-a46f-e07212fcfb35,203L,zanussi-freezer-203l-203-l-white,زانوسي فريزر 203L 203 لتر أبيض,Zanussi Freezer 203L 203 L White,ديب فريزر,deep freezer,Rezk Store,13490.00,active,2026-08-22 14:38:52.133
98484242-1858-4ea3-948d-e12899e55371,597L Imported,zanussi-refrigerator-597l-imported-597-l-silver,زانوسي ثلاجة 597L Imported 597 لتر فضي,Zanussi Refrigerator 597L Imported 597 L Silver,ثلاجات,FRIDGES,Rezk Store,45999.00,active,2026-08-22 14:36:57.033
2dfaa889-18d9-41b6-b8c4-65750299710a,474L Imported,zanussi-refrigerator-474l-imported-474-l-silver,زانوسي ثلاجة 474L Imported 474 لتر فضي,Zanussi Refrigerator 474L Imported 474 L Silver,ثلاجات,FRIDGES,Rezk Store,30999.00,active,2026-08-22 14:36:57.03
b51c217c-e576-4db5-a6d1-8e3e76a53c61,425L Digital,zanussi-refrigerator-425l-digital-425-l-silver,زانوسي ثلاجة 425L Digital 425 لتر فضي,Zanussi Refrigerator 425L Digital 425 L Silver,ثلاجات,FRIDGES,Rezk Store,29999.00,active,2026-08-22 14:36:57.027
0aab7ddc-677e-4bf2-8cd9-a8139f9118a1,442L Imported,zanussi-refrigerator-442l-imported-442-l-silver,زانوسي ثلاجة 442L Imported 442 لتر فضي,Zanussi Refrigerator 442L Imported 442 L Silver,ثلاجات,FRIDGES,Rezk Store,27999.00,active,2026-08-22 14:36:57.022
125c9bee-59fb-4a86-8303-868cb8d513d3,437L Cresio Black,zanussi-refrigerator-437l-cresio-black-437-l-black,زانوسي ثلاجة 437L Cresio Black 437 لتر أسود,Zanussi Refrigerator 437L Cresio Black 437 L Black,ثلاجات,FRIDGES,Rezk Store,20999.00,active,2026-08-22 14:36:57.018
98625551-8015-4836-8108-2c7f254189a2,437L Cresio,zanussi-refrigerator-437l-cresio-437-l-silver,زانوسي ثلاجة 437L Cresio 437 لتر فضي,Zanussi Refrigerator 437L Cresio 437 L Silver,ثلاجات,FRIDGES,Rezk Store,20699.00,active,2026-08-22 14:36:57.014
913dc9f1-f369-40f7-8b03-0c7e09ed478c,406L Cresio Black,zanussi-refrigerator-406l-cresio-black-406-l-black,زانوسي ثلاجة 406L Cresio Black 406 لتر أسود,Zanussi Refrigerator 406L Cresio Black 406 L Black,ثلاجات,FRIDGES,Rezk Store,19899.00,active,2026-08-22 14:36:57.007
2df31623-d829-4bbe-b37f-d4352e6b9288,406L Cresio,zanussi-refrigerator-406l-cresio-406-l-silver,زانوسي ثلاجة 406L Cresio 406 لتر فضي,Zanussi Refrigerator 406L Cresio 406 L Silver,ثلاجات,FRIDGES,Rezk Store,19599.00,active,2026-08-22 14:36:57.001
e5d5a45c-6bd1-42a2-854e-1f3d3279633d,370L Cresio Black,zanussi-refrigerator-370l-cresio-black-370-l-black,زانوسي ثلاجة 370L Cresio Black 370 لتر أسود,Zanussi Refrigerator 370L Cresio Black 370 L Black,ثلاجات,FRIDGES,Rezk Store,17799.00,active,2026-08-22 14:36:56.996
8c559088-708f-4588-b2b2-9fd06415dbfa,370L Cresio,zanussi-refrigerator-370l-cresio-370-l-silver,زانوسي ثلاجة 370L Cresio 370 لتر فضي,Zanussi Refrigerator 370L Cresio 370 L Silver,ثلاجات,FRIDGES,Rezk Store,17499.00,active,2026-08-22 14:36:56.989
4001a86b-b3e3-492a-81d6-ab883b7395db,Gas Adapter 10L Silver,zanussi-water-heater-gas-adapter-10l-silver-10-l-silver,زانوسي سخان مياه Gas Adapter 10L Silver 10 لتر فضي,Zanussi Water Heater Gas Adapter 10L Silver 10 L Silver,"سخانات غاز""",Gas Water Heater,Rezk Store,6499.00,active,2026-08-22 14:35:25.085
818697da-f380-4be8-99b0-7020f5a0cf52,Gas Adapter 10L,zanussi-water-heater-gas-adapter-10l-10-l-white,زانوسي سخان مياه Gas Adapter 10L 10 لتر أبيض,Zanussi Water Heater Gas Adapter 10L 10 L White,"سخانات غاز""",Gas Water Heater,Rezk Store,6400.00,active,2026-08-22 14:35:25.08
b68bb307-af05-4b91-9fdd-8e1e4c5555dc,Gas Adapter 6L Silver,zanussi-water-heater-gas-adapter-6l-silver-6-l-silver,زانوسي سخان مياه Gas Adapter 6L Silver 6 لتر فضي,Zanussi Water Heater Gas Adapter 6L Silver 6 L Silver,"سخانات غاز""",Gas Water Heater,Rezk Store,4975.00,active,2026-08-22 14:35:25.074
238a2888-102a-4825-85a8-82925b880dbc,Gas Adapter 6L,zanussi-water-heater-gas-adapter-6l-6-l-white,زانوسي سخان مياه Gas Adapter 6L 6 لتر أبيض,Zanussi Water Heater Gas Adapter 6L 6 L White,"سخانات غاز""",Gas Water Heater,Rezk Store,4875.00,active,2026-08-22 14:35:25.063
c96976ce-9432-422d-9076-2a936ea56fdf,Thermo Flat 80,zanussi-water-heater-thermo-flat-80-80-l-white,زانوسي سخان مياه Thermo Flat 80 80 لتر أبيض,Zanussi Water Heater Thermo Flat 80 80 L White,سخانات كهربائية,Electric Water Heater,Rezk Store,4549.00,active,2026-08-22 14:33:19.561
dbd8c49b-f4d2-4a7a-93cf-8edffc5379b1,Thermo Flat 50,zanussi-water-heater-thermo-flat-50-50-l-white,زانوسي سخان مياه Thermo Flat 50 50 لتر أبيض,Zanussi Water Heater Thermo Flat 50 50 L White,سخانات كهربائية,Electric Water Heater,Rezk Store,4075.00,active,2026-08-22 14:33:19.557
38a98bf0-71a6-4f84-9129-40327da759da,Thermo Smart Digital 80,zanussi-water-heater-thermo-smart-digital-80-80-l-white,زانوسي سخان مياه Thermo Smart Digital 80 80 لتر أبيض,Zanussi Water Heater Thermo Smart Digital 80 80 L White,سخانات كهربائية,Electric Water Heater,Rezk Store,4749.00,active,2026-08-22 14:33:19.553
5368abf3-f5cd-4a4d-b4ff-529546331ef4,Thermo Smart Digital 50,zanussi-water-heater-thermo-smart-digital-50-50-l-white,زانوسي سخان مياه Thermo Smart Digital 50 50 لتر أبيض,Zanussi Water Heater Thermo Smart Digital 50 50 L White,سخانات كهربائية,Electric Water Heater,Rezk Store,4240.00,active,2026-08-22 14:33:19.548
e64f152e-7186-438e-beb3-f088190f069c,Thermo Smart Digital 30,zanussi-water-heater-thermo-smart-digital-30-30-l-white,زانوسي سخان مياه Thermo Smart Digital 30 30 لتر أبيض,Zanussi Water Heater Thermo Smart Digital 30 30 L White,سخانات كهربائية,Electric Water Heater,Rezk Store,4049.00,active,2026-08-22 14:33:19.543
c8544008-2963-48b8-9d59-9081a18382f8,Thermo Digital 80,zanussi-water-heater-thermo-digital-80-80-l-white,زانوسي سخان مياه Thermo Digital 80 80 لتر أبيض,Zanussi Water Heater Thermo Digital 80 80 L White,سخانات كهربائية,Electric Water Heater,Rezk Store,4725.00,active,2026-08-22 14:33:19.538
2539a36f-a46e-425e-8bc9-3a360230ac24,Thermo Digital 50,zanussi-water-heater-thermo-digital-50-50-l-white,زانوسي سخان مياه Thermo Digital 50 50 لتر أبيض,Zanussi Water Heater Thermo Digital 50 50 L White,سخانات كهربائية,Electric Water Heater,Rezk Store,3900.00,active,2026-08-22 14:33:19.531
c2adb88a-5605-42ac-905f-aa33c7d04df0,Thermo Digital 30,zanussi-water-heater-thermo-digital-30-30-l-white,زانوسي سخان مياه Thermo Digital 30 30 لتر أبيض,Zanussi Water Heater Thermo Digital 30 30 L White,سخانات كهربائية,Electric Water Heater,Rezk Store,3825.00,active,2026-08-22 14:33:19.518
72ffa9ea-1404-4e28-aa55-db4bd4c9047e,Hero Turbo 100,olympic-water-heater-hero-turbo-100-100-l-white,أوليمبيك سخان مياه Hero Turbo 100 100 لتر أبيض,Olympic Water Heater Hero Turbo 100 100 L White,سخانات كهربائية,Electric Water Heater,Rezk Store,4799.00,active,2026-08-22 14:31:42.537
651b8200-35f4-435f-a11f-556cfd3cc0be,Hero Turbo 80,olympic-water-heater-hero-turbo-80-80-l-white,أوليمبيك سخان مياه Hero Turbo 80 80 لتر أبيض,Olympic Water Heater Hero Turbo 80 80 L White,سخانات كهربائية,Electric Water Heater,Rezk Store,4299.00,active,2026-08-22 14:31:42.535
18a528c2-92ef-478d-a65e-ce395195613d,Hero Turbo 50,olympic-water-heater-hero-turbo-50-50-l-white,أوليمبيك سخان مياه Hero Turbo 50 50 لتر أبيض,Olympic Water Heater Hero Turbo 50 50 L White,سخانات كهربائية,Electric Water Heater,Rezk Store,3799.00,active,2026-08-22 14:31:42.531
42390ea9-997b-409d-beb7-ccac37cec3a1,Hero Turbo 30,olympic-water-heater-hero-turbo-30-30-l-white,أوليمبيك سخان مياه Hero Turbo 30 30 لتر أبيض,Olympic Water Heater Hero Turbo 30 30 L White,سخانات كهربائية,Electric Water Heater,Rezk Store,3650.00,active,2026-08-22 14:31:42.528
ffcb8d6f-3605-4ee9-b46f-0cb71cd4cc6d,Hero Plus Digital 50,olympic-water-heater-hero-plus-digital-50-50-l-white,أوليمبيك سخان مياه Hero Plus Digital 50 50 لتر أبيض,Olympic Water Heater Hero Plus Digital 50 50 L White,سخانات كهربائية,Electric Water Heater,Rezk Store,3699.00,active,2026-08-22 14:31:42.525
9d955bbe-1d32-4c93-827c-d0e4985d8864,Hero Plus Digital 30,olympic-water-heater-hero-plus-digital-30-30-l-white,أوليمبيك سخان مياه Hero Plus Digital 30 30 لتر أبيض,Olympic Water Heater Hero Plus Digital 30 30 L White,سخانات كهربائية,Electric Water Heater,Rezk Store,3550.00,active,2026-08-22 14:31:42.522
70e88ba9-a5ab-4259-9289-921b73ecbc71,Hero 50,olympic-water-heater-hero-50-50-l-white,أوليمبيك سخان مياه Hero 50 50 لتر أبيض,Olympic Water Heater Hero 50 50 L White,سخانات كهربائية,Electric Water Heater,Rezk Store,3599.00,active,2026-08-22 14:31:42.516
12edb475-25be-4359-9062-0fffbf7e3d60,Hero 40,olympic-water-heater-hero-40-40-l-white,أوليمبيك سخان مياه Hero 40 40 لتر أبيض,Olympic Water Heater Hero 40 40 L White,سخانات كهربائية,Electric Water Heater,Rezk Store,3525.00,active,2026-08-22 14:31:42.513
6354082e-14bd-4c71-bc4d-644b374692bd,Hero 30,olympic-water-heater-hero-30-30-l-white,أوليمبيك سخان مياه Hero 30 30 لتر أبيض,Olympic Water Heater Hero 30 30 L White,سخانات كهربائية,Electric Water Heater,Rezk Store,3450.00,active,2026-08-22 14:31:42.502
946aa2ea-bce1-4523-a507-37cc9d7f6f77,ZHC92462XA Basic,zanussi-hood-zhc92462xa-basic-90-cm-stainless-steel,زانوسي شفاط ZHC92462XA Basic 90 سم ستانلس ستيل,Zanussi Hood ZHC92462XA Basic 90 cm Stainless Steel,شفاطات,Ventilating fan,Rezk Store,10999.00,active,2026-08-22 14:20:48.88
5ba511aa-f6ff-44ae-b1c2-4773d66b01a4,ZHT911X,zanussi-hood-zht911x-90-cm-stainless-steel,زانوسي شفاط ZHT911X 90 سم ستانلس ستيل,Zanussi Hood ZHT911X 90 cm Stainless Steel,شفاطات,Ventilating fan,Rezk Store,6999.00,active,2026-08-22 14:20:48.876
14b36658-0cb2-412b-980e-dc903c0adc51,ZHB60460XA,zanussi-hood-zhb60460xa-60-cm-stainless-steel,زانوسي شفاط ZHB60460XA 60 سم ستانلس ستيل,Zanussi Hood ZHB60460XA 60 cm Stainless Steel,شفاطات,Ventilating fan,Rezk Store,8990.00,active,2026-08-22 14:20:48.873
6063fac9-b9d9-4ae1-bb76-b0d30e4d336c,ZHT631X,zanussi-hood-zht631x-60-cm-stainless-steel,زانوسي شفاط ZHT631X 60 سم ستانلس ستيل,Zanussi Hood ZHT631X 60 cm Stainless Steel,شفاطات,Ventilating fan,Rezk Store,4499.00,active,2026-08-22 14:20:48.87
da544b8e-3816-470e-a445-b737e2e51280,ZOG9990,zanussi-oven-zog9990-90-cm-stainless-steel,زانوسي فرن ZOG9990 90 سم ستانلس ستيل,Zanussi Oven ZOG9990 90 cm Stainless Steel,افران بلت ان,built in oven,Rezk Store,39999.00,active,2026-08-22 14:19:49.524
b55ee526-9a4a-4e3f-bf59-e6fbd38a3e67,ZOG9991,zanussi-oven-zog9991-90-cm-stainless-steel,زانوسي فرن ZOG9991 90 سم ستانلس ستيل,Zanussi Oven ZOG9991 90 cm Stainless Steel,افران بلت ان,built in oven,Rezk Store,40999.00,active,2026-08-22 14:19:49.519
44679b52-6397-4d0f-b8da-84ab31cc7484,ZOHKD4X1A,zanussi-oven-zohkd4x1a-60-cm-stainless-steel,زانوسي فرن ZOHKD4X1A 60 سم ستانلس ستيل,Zanussi Oven ZOHKD4X1A 60 cm Stainless Steel,افران بلت ان,built in oven,Rezk Store,25499.00,active,2026-08-22 14:19:49.516
3f9cde61-c889-428d-abf4-2c3086ae46d1,ZOHNK3X1A,zanussi-oven-zohnk3x1a-60-cm-stainless-steel,زانوسي فرن ZOHNK3X1A 60 سم ستانلس ستيل,Zanussi Oven ZOHNK3X1A 60 cm Stainless Steel,افران بلت ان,built in oven,Rezk Store,20999.00,active,2026-08-22 14:19:49.512
22b274a0-e042-499c-8f9b-673117d80995,ZQENF1X1,zanussi-oven-zqenf1x1-60-cm-stainless-steel,زانوسي فرن ZQENF1X1 60 سم ستانلس ستيل,Zanussi Oven ZQENF1X1 60 cm Stainless Steel,افران بلت ان,built in oven,Rezk Store,23999.00,active,2026-08-22 14:19:49.505
54a70779-c5bb-4760-a2c0-d768b175630c,ZGG98520BA,zanussi-hob-zgg98520ba-90-cm-black,زانوسي مسطح ZGG98520BA 90 سم أسود,Zanussi Hob ZGG98520BA 90 cm Black,مسطحات,Hobs,Rezk Store,21490.00,active,2026-08-22 14:18:46.258
d9208f1c-b1c0-499c-b77c-f61c9da832fa,ZH96524S,zanussi-hob-zh96524s-90-cm-stainless-steel,زانوسي مسطح ZH96524S 90 سم ستانلس ستيل,Zanussi Hob ZH96524S 90 cm Stainless Steel,مسطحات,Hobs,Rezk Store,19999.00,active,2026-08-22 14:18:46.241
4efe7026-a62c-47cd-a9ae-c8ba5c6dfa60,ZGG78530BA,zanussi-hob-zgg78530ba-75-cm-black,زانوسي مسطح ZGG78530BA 75 سم أسود,Zanussi Hob ZGG78530BA 75 cm Black,مسطحات,Hobs,Rezk Store,15999.00,active,2026-08-22 14:18:46.236
0e8cc17e-e8b2-4e6b-9bf8-38f859bcb5b4,ZGH76534S,zanussi-hob-zgh76534s-75-cm-stainless-steel,زانوسي مسطح ZGH76534S 75 سم ستانلس ستيل,Zanussi Hob ZGH76534S 75 cm Stainless Steel,مسطحات,Hobs,Rezk Store,14999.00,active,2026-08-22 14:18:46.231
18cc3234-ad24-487e-a8cf-5d6e03182edc,ZGG62414BA,zanussi-hob-zgg62414ba-60-cm-black,زانوسي مسطح ZGG62414BA 60 سم أسود,Zanussi Hob ZGG62414BA 60 cm Black,مسطحات,Hobs,Rezk Store,13699.00,active,2026-08-22 14:18:46.227
845a35ac-effd-40fd-80b8-7f3c6ca413cc,ZGI66424S,zanussi-hob-zgi66424s-60-cm-stainless-steel,زانوسي مسطح ZGI66424S 60 سم ستانلس ستيل,Zanussi Hob ZGI66424S 60 cm Stainless Steel,مسطحات,Hobs,Rezk Store,12999.00,active,2026-08-22 14:18:46.218
e362b9b0-a9c5-485e-b7a9-cc7dbeb432d2,ZCG97326XA,zanussi-cooker-zcg97326xa-90-cm-stainless-steel,زانوسي بوتاجاز ZCG97326XA 90 سم ستانلس ستيل,Zanussi Cooker ZCG97326XA 90 cm Stainless Steel,بوتاجازات,COOKERS,Rezk Store,31990.00,active,2026-08-22 14:17:35.606
ff1a17fa-a29c-4490-bf0c-a8f64e7a93a7,ZCG92696XA,zanussi-cooker-zcg92696xa-90-cm-stainless-steel,زانوسي بوتاجاز ZCG92696XA 90 سم ستانلس ستيل,Zanussi Cooker ZCG92696XA 90 cm Stainless Steel,بوتاجازات,COOKERS,Rezk Store,29990.00,active,2026-08-22 14:17:35.6
ef4fd1dd-e28a-4a1f-badd-eae8bc0308b2,ZCG92686XA,zanussi-cooker-zcg92686xa-90-cm-stainless-steel,زانوسي بوتاجاز ZCG92686XA 90 سم ستانلس ستيل,Zanussi Cooker ZCG92686XA 90 cm Stainless Steel,بوتاجازات,COOKERS,Rezk Store,27990.00,active,2026-08-22 14:17:35.596
6afb63f2-71c0-4ba5-88ae-45393094c45f,ZCG94396XA,zanussi-cooker-zcg94396xa-90-cm-stainless-steel,زانوسي بوتاجاز ZCG94396XA 90 سم ستانلس ستيل,Zanussi Cooker ZCG94396XA 90 cm Stainless Steel,بوتاجازات,COOKERS,Rezk Store,17990.00,active,2026-08-22 14:17:35.592
ccd22025-e045-44dd-8182-5514f7c02b63,ZCG91236XB,zanussi-cooker-zcg91236xb-90-cm-stainless-steel,زانوسي بوتاجاز ZCG91236XB 90 سم ستانلس ستيل,Zanussi Cooker ZCG91236XB 90 cm Stainless Steel,بوتاجازات,COOKERS,Rezk Store,16790.00,active,2026-08-22 14:17:35.589
ae15f4f7-5301-492b-9ef0-73b7e2ae6224,ZCG92246XB,zanussi-cooker-zcg92246xb-90-cm-stainless-steel,زانوسي بوتاجاز ZCG92246XB 90 سم ستانلس ستيل,Zanussi Cooker ZCG92246XB 90 cm Stainless Steel,بوتاجازات,COOKERS,Rezk Store,13990.00,active,2026-08-22 14:17:35.585
38ad664f-bcf8-4caf-a206-15e580a8be7d,ZCG62196XB,zanussi-cooker-zcg62196xb-60-cm-stainless-steel,زانوسي بوتاجاز ZCG62196XB 60 سم ستانلس ستيل,Zanussi Cooker ZCG62196XB 60 cm Stainless Steel,بوتاجازات,COOKERS,Rezk Store,10990.00,active,2026-08-22 14:17:35.581
0b6732fe-99c7-44e7-81e0-8048a64dc7d4,ZCG64396XB,zanussi-cooker-zcg64396xb-60-cm-stainless-steel,زانوسي بوتاجاز ZCG64396XB 60 سم ستانلس ستيل,Zanussi Cooker ZCG64396XB 60 cm Stainless Steel,بوتاجازات,COOKERS,Rezk Store,12290.00,active,2026-08-22 14:17:35.578
9e7a5a3a-198a-4dd5-84ec-29e5a8e49913,ZCG61296XB,zanussi-cooker-zcg61296xb-60-cm-stainless-steel,زانوسي بوتاجاز ZCG61296XB 60 سم ستانلس ستيل,Zanussi Cooker ZCG61296XB 60 cm Stainless Steel,بوتاجازات,COOKERS,Rezk Store,11690.00,active,2026-08-22 14:17:35.574
18cd4c9f-586d-4f44-887f-57041c3332e2,ZCG622A6XB,zanussi-cooker-zcg622a6xb-60-cm-stainless-steel,زانوسي بوتاجاز ZCG622A6XB 60 سم ستانلس ستيل,Zanussi Cooker ZCG622A6XB 60 cm Stainless Steel,بوتاجازات,COOKERS,Rezk Store,9590.00,active,2026-08-22 14:17:35.563
d28d7c3b-c841-4421-aec9-ac1985c71abc,TWK4M223,bosch-kettle-twk4m223-black,بوش غلاية مياه TWK4M223 أسود,Bosch Kettle TWK4M223 Black,غلايات مياه,Kettle,Rezk Store,3999.00,active,2026-08-22 14:07:12.828
76718a2d-bf78-4e83-b7ee-a494a3f6abbb,MMB6172B,bosch-blender-mmb6172b-1200-w-black,بوش خلاط MMB6172B 1200 واط أسود,Bosch Blender MMB6172B 1200 W Black,خلاطات,Blenders,Rezk Store,6399.00,active,2026-08-22 14:04:28.897
84c4efbd-82ec-41f2-9d74-eb744c44d343,TCG4215,bosch-grill-tcg4215-2000-w-silver,بوش شواية كهربائية TCG4215 2000 واط فضي,Bosch Grill TCG4215 2000 W Silver,شوايات,Grill,Rezk Store,6199.00,active,2026-08-22 14:02:15.19
8d5efe63-6160-4bc9-8777-29058118c301,TCG4104,bosch-grill-tcg4104-2000-w-dark-red,بوش شواية كهربائية TCG4104 2000 واط أحمر غامق,Bosch Grill TCG4104 2000 W Dark Red,شوايات,Grill,Rezk Store,5499.00,active,2026-08-22 14:02:15.182
d1d37bcd-4477-4115-a8c9-a4bcfc310b94,TCG3323,bosch-grill-tcg3323-2000-w-black,بوش شواية كهربائية TCG3323 2000 واط أسود,Bosch Grill TCG3323 2000 W Black,شوايات,Grill,Rezk Store,4899.00,active,2026-08-22 14:02:15.172
56bb847e-a353-4d30-a35a-691c2f0a7a0f,MSM4W420,bosch-hand-blender-msm4w420-800-w-white,بوش خلاط يدوي MSM4W420 800 واط أبيض,Bosch Hand Blender MSM4W420 800 W White,خلاطات,Blenders,Rezk Store,3999.00,active,2026-08-22 13:59:28.051
c0d18f8e-7620-482b-a047-132cf53794f9,MSM2650B,bosch-hand-blender-msm2650b-600-w-black,بوش خلاط يدوي MSM2650B 600 واط أسود,Bosch Hand Blender MSM2650B 600 W Black,خلاطات,Blenders,Rezk Store,2999.00,active,2026-08-22 13:59:28.045
e8b95ef0-d9dd-469d-a14b-8aa29d4fdabb,MSM64110,bosch-hand-blender-msm64110-450-w-red,بوش خلاط يدوي MSM64110 450 واط أحمر,Bosch Hand Blender MSM64110 450 W Red,خلاطات,Blenders,Rezk Store,1949.00,active,2026-08-22 13:59:28.032
5caf6f95-081d-4f10-896d-3c629cd81bff,MC812M844,bosch-food-processor-mc812m844-1250-w-black,بوش محضر طعام MC812M844 1250 واط أسود,Bosch Food Processor MC812M844 1250 W Black,محضرات طعام,Kitchen machine,Rezk Store,10999.00,active,2026-08-22 13:57:18.789
565275e6-8f73-45eb-a2ba-d1b99bd3cd2e,MCM3PM386,bosch-food-processor-mcm3pm386-900-w-black,بوش محضر طعام MCM3PM386 900 واط أسود,Bosch Food Processor MCM3PM386 900 W Black,محضرات طعام,Kitchen machine,Rezk Store,8499.00,active,2026-08-22 13:57:18.784
3f981bd3-393d-4932-8886-9c47ab1107c6,MCM3421M,bosch-food-processor-mcm3421m-800-w-black,بوش محضر طعام MCM3421M 800 واط أسود,Bosch Food Processor MCM3421M 800 W Black,محضرات طعام,Kitchen machine,Rezk Store,3999.00,active,2026-08-22 13:57:18.778
391ffe0e-0770-4af8-8880-188f257fe745,MUM58258,bosch-kitchen-machine-mum58258-1000-w-white-and-silver,بوش عجان MUM58258 1000 واط أبيض وفضي,Bosch Kitchen Machine MUM58258 1000 W White and Silver,عجان,mixer,Rezk Store,13999.00,active,2026-08-22 13:55:47.734
3b87d69f-6616-4dcf-8c4d-bf2af58d4480,MAF67180,bosch-air-fryer-maf67180,بوش قلاية هوائية MAF67180,Bosch Air Fryer MAF67180,قلايات,Air Fryer,Rezk Store,6999.00,active,2026-08-22 13:52:51.384
f83632b8-57e6-4958-9417-c0a71d544c10,CTL7181B0,bosch-coffee-machine-ctl7181b0-black,بوش ماكينة قهوة CTL7181B0 أسود,Bosch Coffee Machine CTL7181B0 Black,ماكينات قهوة,coffee makers,Rezk Store,139999.00,active,2026-08-22 13:50:45.412
4e38eea0-9db1-4230-9a54-1a564b5bda12,TQE80703,bosch-coffee-machine-tqe80703-stainless-steel,بوش ماكينة قهوة TQE80703 ستانلس ستيل,Bosch Coffee Machine TQE80703 Stainless Steel,ماكينات قهوة,coffee makers,Rezk Store,59999.00,active,2026-08-22 13:50:45.404
109a2c58-00fa-4ace-a0dc-2ac4bd17378e,TIS65621RW,bosch-coffee-machine-tis65621rw-silver,بوش ماكينة قهوة TIS65621RW فضي,Bosch Coffee Machine TIS65621RW Silver,ماكينات قهوة,coffee makers,Rezk Store,49999.00,active,2026-08-22 13:50:45.398
a36349f9-5df6-40af-a3df-4a72d2df261c,TPE40307,bosch-coffee-machine-tpe40307-silver-metallic,بوش ماكينة قهوة TPE40307 فضي ميتاليك,Bosch Coffee Machine TPE40307 Silver Metallic,ماكينات قهوة,coffee makers,Rezk Store,40999.00,active,2026-08-22 13:50:45.39
b0a7a0cf-59b1-4c6f-9b6b-bfc551ea54d9,BCS711XXL,bosch-vacuum-cleaner-bcs711xxl-rechargeable-white,بوش مكنسة كهربائية BCS711XXL لاسلكية أبيض,Bosch Vacuum Cleaner BCS711XXL Rechargeable White,مكانس كهربائية,Vacuum cleaner,Rezk Store,18999.00,active,2026-08-22 13:48:19.509
d0eee193-00b3-4367-86a7-08d72760adac,BWD421PRO,bosch-vacuum-cleaner-bwd421pro-2100-w,بوش مكنسة كهربائية BWD421PRO 2100 واط,Bosch Vacuum Cleaner BWD421PRO 2100 W,مكانس كهربائية,Vacuum cleaner,Rezk Store,13999.00,active,2026-08-22 13:48:19.506
ea15ed0d-c8d1-4b1c-9719-573852f43ccc,BWD420HYG,bosch-vacuum-cleaner-bwd420hyg-2100-w,بوش مكنسة كهربائية BWD420HYG 2100 واط,Bosch Vacuum Cleaner BWD420HYG 2100 W,مكانس كهربائية,Vacuum cleaner,Rezk Store,12999.00,active,2026-08-22 13:48:19.502
9b652137-6cd3-4229-8fb8-3b1761e1bf23,BGS412234,bosch-vacuum-cleaner-bgs412234-2200-w-black,بوش مكنسة كهربائية BGS412234 2200 واط أسود,Bosch Vacuum Cleaner BGS412234 2200 W Black,مكانس كهربائية,Vacuum cleaner,Rezk Store,10999.00,active,2026-08-22 13:48:19.497
b88ac83e-a515-49ca-b94f-43d724a77716,BGS21WPOW,bosch-vacuum-cleaner-bgs21wpow-2000-w-black,بوش مكنسة كهربائية BGS21WPOW 2000 واط أسود,Bosch Vacuum Cleaner BGS21WPOW 2000 W Black,مكانس كهربائية,Vacuum cleaner,Rezk Store,9999.00,active,2026-08-22 13:48:19.492
6dff740e-5463-42b7-a923-2036320ce4e8,BGS21WHYG,bosch-vacuum-cleaner-bgs21whyg-2000-w-white,بوش مكنسة كهربائية BGS21WHYG 2000 واط أبيض,Bosch Vacuum Cleaner BGS21WHYG 2000 W White,مكانس كهربائية,Vacuum cleaner,Rezk Store,9499.00,active,2026-08-22 13:48:19.488
5ef95202-4e9a-43af-be64-a40ec2cc7523,BGS412000,bosch-vacuum-cleaner-bgs412000-2000-w-blue,بوش مكنسة كهربائية BGS412000 2000 واط أزرق,Bosch Vacuum Cleaner BGS412000 2000 W Blue,مكانس كهربائية,Vacuum cleaner,Rezk Store,8499.00,active,2026-08-22 13:48:19.484
1f494d21-fa69-4595-9bef-4ba82bbb6106,BGL38WHYG,bosch-vacuum-cleaner-bgl38whyg-2200-w-white,بوش مكنسة كهربائية BGL38WHYG 2200 واط أبيض,Bosch Vacuum Cleaner BGL38WHYG 2200 W White,مكانس كهربائية,Vacuum cleaner,Rezk Store,7999.00,active,2026-08-22 13:48:19.48
cc66373b-5324-43b6-8845-db2a74a0de29,BGL38GOLD,bosch-vacuum-cleaner-bgl38gold-2200-w-black,بوش مكنسة كهربائية BGL38GOLD 2200 واط أسود,Bosch Vacuum Cleaner BGL38GOLD 2200 W Black,مكانس كهربائية,Vacuum cleaner,Rezk Store,8499.00,active,2026-08-22 13:48:19.473
62afe743-ed93-4ea3-ae00-1c7d345b161d,BGL41WFAMP,bosch-vacuum-cleaner-bgl41wfamp-blue,بوش مكنسة كهربائية BGL41WFAMP أزرق,Bosch Vacuum Cleaner BGL41WFAMP Blue,مكانس كهربائية,Vacuum cleaner,Rezk Store,7499.00,active,2026-08-22 13:48:19.462
93833bb7-6fa3-433a-93ab-482362f6fedd,KIN86AF3M8,bosch-refrigerator-kin86af3m8-254-l-built-in,بوش ثلاجة KIN86AF3M8 254 لتر بيلت إن,Bosch Refrigerator KIN86AF3M8 254 L Built-in,ثلاجات,FRIDGES,Rezk Store,67999.00,active,2026-08-22 13:38:50.119
8b6d7103-e45e-49fd-8a01-d99f5d5106e1,KIR81AF30U,bosch-refrigerator-kir81af30u-319-l-built-in,بوش ثلاجة KIR81AF30U 319 لتر بيلت إن,Bosch Refrigerator KIR81AF30U 319 L Built-in,ثلاجات,FRIDGES,Rezk Store,48999.00,active,2026-08-22 13:38:50.116
795fca33-4f53-450c-accf-08449d9dd6d9,KGP86FICE8,bosch-refrigerator-kgp86fice8-624-l-inox-look,بوش ثلاجة KGP86FICE8 624 لتر إنوكس,Bosch Refrigerator KGP86FICE8 624 L Inox-look,ثلاجات,FRIDGES,Rezk Store,74999.00,active,2026-08-22 13:38:50.108
5be016a0-32fe-4045-a846-f640e9133754,KGN86C13E8,bosch-refrigerator-kgn86c13e8-631-l-inox-look,بوش ثلاجة KGN86C13E8 631 لتر إنوكس,Bosch Refrigerator KGN86C13E8 631 L Inox-look,ثلاجات,FRIDGES,Rezk Store,69999.00,active,2026-08-22 13:38:50.103
c5eb11c8-88d6-41ec-b384-6cd2d140e1b7,KGN76CXEE8,bosch-refrigerator-kgn76cxee8-526-l-black,بوش ثلاجة KGN76CXEE8 526 لتر أسود,Bosch Refrigerator KGN76CXEE8 526 L Black,ثلاجات,FRIDGES,Rezk Store,60999.00,active,2026-08-22 13:38:50.097
ffd8a2ff-cee7-49cb-addb-f9333cc6cae8,KGN76C13E8,bosch-refrigerator-kgn76c13e8-526-l-inox-look,بوش ثلاجة KGN76C13E8 526 لتر إنوكس,Bosch Refrigerator KGN76C13E8 526 L Inox-look,ثلاجات,FRIDGES,Rezk Store,58999.00,active,2026-08-22 13:38:50.091
b51eee70-b980-4fcb-b53f-f6a8cce44d53,KGN56LB3E9,bosch-refrigerator-kgn56lb3e9-508-l-black-mirror,بوش ثلاجة KGN56LB3E9 508 لتر مرآة سوداء,Bosch Refrigerator KGN56LB3E9 508 L Black Mirror,ثلاجات,FRIDGES,Rezk Store,55999.00,active,2026-08-22 13:38:50.086
ac29656a-6f31-40e9-92db-9daf32f1e4ae,KGN56CX30U,bosch-refrigerator-kgn56cx30u-505-l-black-stainless-steel,بوش ثلاجة KGN56CX30U 505 لتر ستانلس أسود,Bosch Refrigerator KGN56CX30U 505 L Black Stainless Steel,ثلاجات,FRIDGES,Rezk Store,51999.00,active,2026-08-22 13:38:50.082
b3ec3db5-be85-4a93-8e46-25df3801a050,KGN55CIEE8,bosch-refrigerator-kgn55ciee8-483-l-inox-look,بوش ثلاجة KGN55CIEE8 483 لتر إنوكس,Bosch Refrigerator KGN55CIEE8 483 L Inox-look,ثلاجات,FRIDGES,Rezk Store,46999.00,active,2026-08-22 13:38:50.076
df1344c7-a3c6-4458-b983-c2307f868ddb,KGN39NLEE8,bosch-refrigerator-kgn39nlee8-330-l-stainless-steel,بوش ثلاجة KGN39NLEE8 330 لتر ستانلس ستيل,Bosch Refrigerator KGN39NLEE8 330 L Stainless Steel,ثلاجات,FRIDGES,Rezk Store,24999.00,active,2026-08-22 13:38:50.071
3088dd18-164c-4358-ae3d-6a9b9ad03335,KDN86A13E9,bosch-refrigerator-kdn86a13e9-641-l-stainless-steel,بوش ثلاجة KDN86A13E9 641 لتر ستانلس ستيل,Bosch Refrigerator KDN86A13E9 641 L Stainless Steel,ثلاجات,FRIDGES,Rezk Store,66999.00,active,2026-08-22 13:38:50.068
7014abb3-2e28-435f-8548-edd5921caa92,KDN76X13E9,bosch-refrigerator-kdn76x13e9-542-l-stainless-steel,بوش ثلاجة KDN76X13E9 542 لتر ستانلس ستيل,Bosch Refrigerator KDN76X13E9 542 L Stainless Steel,ثلاجات,FRIDGES,Rezk Store,56999.00,active,2026-08-22 13:38:50.064
dad62617-1bdd-4e3f-9308-ac3f28da5955,KDN55NL2E8,bosch-refrigerator-kdn55nl2e8-453-l-inox-look,بوش ثلاجة KDN55NL2E8 453 لتر إنوكس,Bosch Refrigerator KDN55NL2E8 453 L Inox-look,ثلاجات,FRIDGES,Rezk Store,33999.00,active,2026-08-22 13:38:50.058
3b176d2a-cfec-4eb4-be46-416415f44007,GSN33ALEE8,bosch-freezer-gsn33alee8-238-l-stainless-steel,بوش فريزر GSN33ALEE8 238 لتر ستانلس ستيل,Bosch Freezer GSN33ALEE8 238 L Stainless Steel,ثلاجات,FRIDGES,Rezk Store,30999.00,active,2026-08-22 13:38:50.051
765b7481-a6f0-4b5b-bfa6-ca5c110bf602,KSV36VL30U,bosch-refrigerator-ksv36vl30u-346-l-inox,بوش ثلاجة KSV36VL30U 346 لتر إنوكس,Bosch Refrigerator KSV36VL30U 346 L Inox,ثلاجات,FRIDGES,Rezk Store,49999.00,active,2026-08-22 13:38:50.044
911f7618-ab41-436b-804c-a420a22a65ca,WGB2440XEG,bosch-washing-machine-wgb2440xeg-9-kg-silver-inox,بوش غسالة ملابس WGB2440XEG 9 كيلو إنوكس فضي,Bosch Washing Machine WGB2440XEG 9 KG Silver Inox,غسالات ملابس,WASHING MACHINE,Rezk Store,39999.00,active,2026-08-22 13:37:47.353
f7f57e25-6117-4064-8b7f-710f2991904d,WGK254ZREG,bosch-washing-machine-wgk254zreg-10-kg-cast-iron-grey,بوش غسالة ملابس WGK254ZREG 10 كيلو رمادي,Bosch Washing Machine WGK254ZREG 10 KG Cast Iron Grey,غسالات ملابس,WASHING MACHINE,Rezk Store,29999.00,active,2026-08-22 13:37:47.344
689660e0-0130-4e93-8c98-7a818963141c,WGK254ZXEG,bosch-washing-machine-wgk254zxeg-10-kg-silver-inox,بوش غسالة ملابس WGK254ZXEG 10 كيلو إنوكس فضي,Bosch Washing Machine WGK254ZXEG 10 KG Silver Inox,غسالات ملابس,WASHING MACHINE,Rezk Store,28999.00,active,2026-08-22 13:37:47.339
20e23bbe-1ff1-4ad4-8352-a2252c1d5349,WGA244Z1EG,bosch-washing-machine-wga244z1eg-9-kg-cast-iron-grey,بوش غسالة ملابس WGA244Z1EG 9 كيلو رمادي,Bosch Washing Machine WGA244Z1EG 9 KG Cast Iron Grey,غسالات ملابس,WASHING MACHINE,Rezk Store,25999.00,active,2026-08-22 13:37:47.325
da46c3cf-5737-44ab-a8c6-cca3e5a1c284,SMV4IMX62T,bosch-dishwasher-smv4imx62t-60-cm-built-in,بوش غسالة اطباق SMV4IMX62T 60 سم بيلت إن,Bosch Dishwasher SMV4IMX62T 60 cm Built-in,"غسالات الاطباق""",DISH WASHER,Rezk Store,39999.00,active,2026-08-22 13:36:42.569
5965a161-3001-40f6-84ae-a114a54b0114,SMV26DX0OT,bosch-dishwasher-smv26dx0ot-60-cm-built-in,بوش غسالة اطباق SMV26DX0OT 60 سم بيلت إن,Bosch Dishwasher SMV26DX0OT 60 cm Built-in,"غسالات الاطباق""",DISH WASHER,Rezk Store,35999.00,active,2026-08-22 13:36:42.562
87f8e019-c242-4a5d-96e0-a7efbfdc70bd,SMS8YD182T,bosch-dishwasher-sms8yd182t-60-cm-silver-inox,بوش غسالة اطباق SMS8YD182T 60 سم إنوكس فضي,Bosch Dishwasher SMS8YD182T 60 cm Silver Inox,"غسالات الاطباق""",DISH WASHER,Rezk Store,64999.00,active,2026-08-22 13:36:42.557
a82afd36-1cb7-4076-94b0-242acaddc5b7,SMS6EC183T,bosch-dishwasher-sms6ec183t-60-cm-silver-inox,بوش غسالة اطباق SMS6EC183T 60 سم إنوكس فضي,Bosch Dishwasher SMS6EC183T 60 cm Silver Inox,"غسالات الاطباق""",DISH WASHER,Rezk Store,53999.00,active,2026-08-22 13:36:42.553
99b78566-40aa-473c-a919-bf2ed785479d,SMP6EMCOOV,bosch-dishwasher-smp6emcoov-60-cm-black-inox,بوش غسالة اطباق SMP6EMCOOV 60 سم إنوكس أسود,Bosch Dishwasher SMP6EMCOOV 60 cm Black Inox,"غسالات الاطباق""",DISH WASHER,Rezk Store,48999.00,active,2026-08-22 13:36:42.549
81d20199-3369-4262-af06-917329934f0f,SMS6EM162V,bosch-dishwasher-sms6em162v-60-cm-silver-inox,بوش غسالة اطباق SMS6EM162V 60 سم إنوكس فضي,Bosch Dishwasher SMS6EM162V 60 cm Silver Inox,"غسالات الاطباق""",DISH WASHER,Rezk Store,45999.00,active,2026-08-22 13:36:42.543
dc0fb926-f486-4b1f-a63f-66f27478d43e,SMS4EMI60V,bosch-dishwasher-sms4emi60v-60-cm-silver-inox,بوش غسالة اطباق SMS4EMI60V 60 سم إنوكس فضي,Bosch Dishwasher SMS4EMI60V 60 cm Silver Inox,"غسالات الاطباق""",DISH WASHER,Rezk Store,38999.00,active,2026-08-22 13:36:42.536
b5014d81-3707-456b-92e2-f6ab646e5836,SMS46NB20V,bosch-dishwasher-sms46nb20v-60-cm-black,بوش غسالة اطباق SMS46NB20V 60 سم أسود,Bosch Dishwasher SMS46NB20V 60 cm Black,"غسالات الاطباق""",DISH WASHER,Rezk Store,35999.00,active,2026-08-22 13:36:42.53
404a479f-12d2-4e40-bcac-e4ad62a33128,SMS26A100V,bosch-dishwasher-sms26a100v-60-cm-silver-inox,بوش غسالة اطباق SMS26A100V 60 سم إنوكس فضي,Bosch Dishwasher SMS26A100V 60 cm Silver Inox,"غسالات الاطباق""",DISH WASHER,Rezk Store,28999.00,active,2026-08-22 13:36:42.518
59179949-7766-4cc5-a879-7a73a56fa05e,FEL053MS2,bosch-microwave-fel053ms2-49-cm-black,بوش ميكروويف FEL053MS2 49 سم أسود,Bosch Microwave FEL053MS2 49 cm Black,ميكروويف,microwave,Rezk Store,13999.00,active,2026-08-22 13:31:03.867
61907254-0c3a-470a-ac65-869554c1fb62,FEL023MS1,bosch-microwave-fel023ms1-44-cm-black,بوش ميكروويف FEL023MS1 44 سم أسود,Bosch Microwave FEL023MS1 44 cm Black,ميكروويف,microwave,Rezk Store,11999.00,active,2026-08-22 13:31:03.863
54ea7c55-e072-4122-9165-7697ba5c1e9b,BEL554MB2,bosch-microwave-bel554mb2-59-cm-black,بوش ميكروويف BEL554MB2 59 سم أسود,Bosch Microwave BEL554MB2 59 cm Black,ميكروويف,microwave,Rezk Store,33999.00,active,2026-08-22 13:31:03.859
0520ac87-70f7-4a69-bae3-a9c39918bec4,BEL554MS0,bosch-microwave-bel554ms0-59-cm-stainless-steel,بوش ميكروويف BEL554MS0 59 سم ستانلس ستيل,Bosch Microwave BEL554MS0 59 cm Stainless Steel,ميكروويف,microwave,Rezk Store,32999.00,active,2026-08-22 13:31:03.853
4b77a731-61f5-47e5-a345-05e45c2fb48b,BFL524MB2,bosch-microwave-bfl524mb2-59-cm-black,بوش ميكروويف BFL524MB2 59 سم أسود,Bosch Microwave BFL524MB2 59 cm Black,ميكروويف,microwave,Rezk Store,29999.00,active,2026-08-22 13:31:03.847
181f0fac-4e82-4f03-bd80-23fbae7929a5,CMG7241B1,bosch-microwave-cmg7241b1-60-cm-black,بوش ميكروويف CMG7241B1 60 سم أسود,Bosch Microwave CMG7241B1 60 cm Black,ميكروويف,microwave,Rezk Store,74999.00,active,2026-08-22 13:31:03.833
94ef4bf2-c4d8-4bb5-8aa0-8680bfa65f87,VBD554FS0,bosch-oven-vbd554fs0-90-cm-stainless-steel,بوش فرن VBD554FS0 90 سم ستانلس ستيل,Bosch Oven VBD554FS0 90 cm Stainless Steel,افران بلت ان,built in oven,Rezk Store,76999.00,active,2026-08-22 13:25:55.153
84773f03-9258-44e3-a621-defb58c0a742,HBG7563B1,bosch-oven-hbg7563b1-60-cm-black,بوش فرن HBG7563B1 60 سم أسود,Bosch Oven HBG7563B1 60 cm Black,افران بلت ان,built in oven,Rezk Store,51999.00,active,2026-08-22 13:25:55.149
481df42c-9217-461d-9711-2a9b554db44a,HUA736EAOT,bosch-oven-hua736eaot-60-cm-black,بوش فرن HUA736EAOT 60 سم أسود,Bosch Oven HUA736EAOT 60 cm Black,افران بلت ان,built in oven,Rezk Store,29999.00,active,2026-08-22 13:25:55.139
a9665b71-32ac-44a0-a5da-1a70b145827f,HUA736ERO,bosch-oven-hua736ero-60-cm-stainless-steel,بوش فرن HUA736ERO 60 سم ستانلس ستيل,Bosch Oven HUA736ERO 60 cm Stainless Steel,افران بلت ان,built in oven,Rezk Store,28999.00,active,2026-08-22 13:25:55.128
187a58e5-48e8-4c0c-8850-4cd98dd8b7d2,HBJ534ES0,bosch-oven-hbj534es0-60-cm-stainless-steel,بوش فرن HBJ534ES0 60 سم ستانلس ستيل,Bosch Oven HBJ534ES0 60 cm Stainless Steel,افران بلت ان,built in oven,Rezk Store,23999.00,active,2026-08-22 13:25:55.118
f435f3e8-36a3-4ce4-be4a-0e458a834e8c,HBF011BA1T,bosch-oven-hbf011ba1t-60-cm-black,بوش فرن HBF011BA1T 60 سم أسود,Bosch Oven HBF011BA1T 60 cm Black,افران بلت ان,built in oven,Rezk Store,19999.00,active,2026-08-22 13:25:55.114
25e82796-bd30-416b-b90e-122e2cb2ee29,VGD553FRO,bosch-oven-vgd553fro-90-cm-stainless-steel,بوش فرن VGD553FRO 90 سم ستانلس ستيل,Bosch Oven VGD553FRO 90 cm Stainless Steel,افران بلت ان,built in oven,Rezk Store,65999.00,active,2026-08-22 13:25:55.107
63c97b21-c9c3-4386-9094-5267a2f54af9,VGD011BR0M,bosch-oven-vgd011br0m-90-cm-stainless-steel,بوش فرن VGD011BR0M 90 سم ستانلس ستيل,Bosch Oven VGD011BR0M 90 cm Stainless Steel,افران بلت ان,built in oven,Rezk Store,54999.00,active,2026-08-22 13:25:55.103
d4d10a6d-0a16-4d22-aa2f-a09f430efcbf,HGL21F350,bosch-oven-hgl21f350-60-cm-stainless-steel,بوش فرن HGL21F350 60 سم ستانلس ستيل,Bosch Oven HGL21F350 60 cm Stainless Steel,افران بلت ان,built in oven,Rezk Store,41999.00,active,2026-08-22 13:25:55.099
4f10ab43-dff4-464d-8a29-08ab8dbefa32,PIV975DC1E,bosch-hob-piv975dc1e-90-cm-black,بوش مسطح PIV975DC1E 90 سم أسود,Bosch Hob PIV975DC1E 90 cm Black,مسطحات,Hobs,Rezk Store,58999.00,active,2026-08-22 13:24:08.366
4d1461eb-fccb-4081-b96e-05ed52989a23,PUE611BB5E,bosch-hob-pue611bb5e-60-cm-black,بوش مسطح PUE611BB5E 60 سم أسود,Bosch Hob PUE611BB5E 60 cm Black,مسطحات,Hobs,Rezk Store,44999.00,active,2026-08-22 13:24:08.361
2ae031ae-f73f-4def-b997-778dd8d7e2e5,PKN811FP2E,bosch-hob-pkn811fp2e-80-cm-black,بوش مسطح PKN811FP2E 80 سم أسود,Bosch Hob PKN811FP2E 80 cm Black,مسطحات,Hobs,Rezk Store,42999.00,active,2026-08-22 13:24:08.355
0e26c6f4-2382-4569-b2e4-1485938fb0b6,PKE611BA2E,bosch-hob-pke611ba2e-60-cm-black,بوش مسطح PKE611BA2E 60 سم أسود,Bosch Hob PKE611BA2E 60 cm Black,مسطحات,Hobs,Rezk Store,32999.00,active,2026-08-22 13:24:08.351
5453a521-fc6e-40b3-9ae9-523939528a7d,PKF645CA2E,bosch-hob-pkf645ca2e-60-cm-black,بوش مسطح PKF645CA2E 60 سم أسود,Bosch Hob PKF645CA2E 60 cm Black,مسطحات,Hobs,Rezk Store,27999.00,active,2026-08-22 13:24:08.344
84151a5f-c6a4-4e2a-a53d-694c7173d817,PKF375CAZE,bosch-hob-pkf375caze-30-cm-black,بوش مسطح PKF375CAZE 30 سم أسود,Bosch Hob PKF375CAZE 30 cm Black,مسطحات,Hobs,Rezk Store,19999.00,active,2026-08-22 13:24:08.34
13167292-f445-4abe-806e-132af8e4c0cb,PPM9A6140,bosch-hob-ppm9a6140-90-cm-tempered-glass-black,بوش مسطح PPM9A6140 90 سم زجاج مقوى أسود,Bosch Hob PPM9A6140 90 cm Tempered Glass Black,مسطحات,Hobs,Rezk Store,34999.00,active,2026-08-22 13:24:08.336
6d5e1e96-14ed-4983-a086-444919b0f721,PCR9A5190,bosch-hob-pcr9a5190-90-cm-stainless-steel,بوش مسطح PCR9A5190 90 سم ستانلس ستيل,Bosch Hob PCR9A5190 90 cm Stainless Steel,مسطحات,Hobs,Rezk Store,31999.00,active,2026-08-22 13:24:08.332
52ebb368-996a-4906-884d-d4791e6b9396,PPQ7A6145,bosch-hob-ppq7a6145-75-cm-tempered-glass-black,بوش مسطح PPQ7A6145 75 سم زجاج مقوى أسود,Bosch Hob PPQ7A6145 75 cm Tempered Glass Black,مسطحات,Hobs,Rezk Store,24499.00,active,2026-08-22 13:24:08.328
37397d7f-ec66-413c-96a7-61df52224ddc,PCQ7A5190,bosch-hob-pcq7a5190-75-cm-stainless-steel,بوش مسطح PCQ7A5190 75 سم ستانلس ستيل,Bosch Hob PCQ7A5190 75 cm Stainless Steel,مسطحات,Hobs,Rezk Store,22499.00,active,2026-08-22 13:24:08.324
c8ae86a2-dbad-4324-8084-b61bdf636d50,PCQ7A5B90,bosch-hob-pcq7a5b90-75-cm-stainless-steel,بوش مسطح PCQ7A5B90 75 سم ستانلس ستيل,Bosch Hob PCQ7A5B90 75 cm Stainless Steel,مسطحات,Hobs,Rezk Store,21499.00,active,2026-08-22 13:24:08.319
cfdf69c0-ff54-4b68-bf68-722b80e4b9b9,PCP6A6190,bosch-hob-pcp6a6190-60-cm-enameled-steel,بوش مسطح PCP6A6190 60 سم ستيل مطلي,Bosch Hob PCP6A6190 60 cm Enameled Steel,مسطحات,Hobs,Rezk Store,18999.00,active,2026-08-22 13:24:08.314
e8908d06-674e-48f5-bd28-27ec16025e95,PCP6A5190M,bosch-hob-pcp6a5190m-60-cm-stainless-steel,بوش مسطح PCP6A5190M 60 سم ستانلس ستيل,Bosch Hob PCP6A5190M 60 cm Stainless Steel,مسطحات,Hobs,Rezk Store,18999.00,active,2026-08-22 13:24:08.302
c95d3ae7-403d-4c98-88dd-a56f26126879,HJYGGXV60Q,bosch-cooker-hjyggxv60q-90-cm-black,بوش بوتاجاز HJYGGXV60Q 90 سم أسود,Bosch Cooker HJYGGXV60Q 90 cm Black,بوتاجازات,COOKERS,Rezk Store,35999.00,active,2026-08-22 13:22:12.661
6d78a0e8-cf8e-450a-b87b-6a99182831bd,HJY5G7V61S,bosch-cooker-hjy5g7v61s-90-cm-black,بوش بوتاجاز HJY5G7V61S 90 سم أسود,Bosch Cooker HJY5G7V61S 90 cm Black,بوتاجازات,COOKERS,Rezk Store,34999.00,active,2026-08-22 13:22:12.656
49283448-acef-45e4-9bde-8072bea1c2f5,HIZ5G7W515,bosch-cooker-hiz5g7w515-90-cm-stainless-steel,بوش بوتاجاز HIZ5G7W515 90 سم ستانلس ستيل,Bosch Cooker HIZ5G7W515 90 cm Stainless Steel,بوتاجازات,COOKERS,Rezk Store,31999.00,active,2026-08-22 13:22:12.652
fbc5ea38-cbb8-4dac-9344-4e627fdfda13,HGX3G8W50S,bosch-cooker-hgx3g8w50s-90-cm-stainless-steel,بوش بوتاجاز HGX3G8W50S 90 سم ستانلس ستيل,Bosch Cooker HGX3G8W50S 90 cm Stainless Steel,بوتاجازات,COOKERS,Rezk Store,28999.00,active,2026-08-22 13:22:12.649
bc4ae219-aeb1-4786-b7c1-915fb6c7ce4b,HGP318W50S,bosch-cooker-hgp318w50s-90-cm-stainless-steel,بوش بوتاجاز HGP318W50S 90 سم ستانلس ستيل,Bosch Cooker HGP318W50S 90 cm Stainless Steel,بوتاجازات,COOKERS,Rezk Store,22999.00,active,2026-08-22 13:22:12.644
824d70b6-4cf7-4410-ad3e-44810c7650ef,HGV1F8Y50S,bosch-cooker-hgv1f8y50s-90-cm-stainless-steel,بوش بوتاجاز HGV1F8Y50S 90 سم ستانلس ستيل,Bosch Cooker HGV1F8Y50S 90 cm Stainless Steel,بوتاجازات,COOKERS,Rezk Store,19999.00,active,2026-08-22 13:22:12.638
7fc4e48b-88ad-49fb-a4e7-0ba4cca263ef,DWK97PJ60T,bosch-hood-dwk97pj60t-90-cm-clear-glass-black,بوش شفاط DWK97PJ60T 90 سم زجاج أسود,Bosch Hood DWK97PJ60T 90 cm Clear Glass Black,شفاطات,Ventilating fan,Rezk Store,24999.00,active,2026-08-22 13:19:30.382
c09609bc-5400-46ee-93df-ebc87cf3e97e,DWK96PJ60T,bosch-hood-dwk96pj60t-90-cm-clear-glass-black,بوش شفاط DWK96PJ60T 90 سم زجاج أسود,Bosch Hood DWK96PJ60T 90 cm Clear Glass Black,شفاطات,Ventilating fan,Rezk Store,21999.00,active,2026-08-22 13:19:30.375
eb0bdfd6-e299-42b6-8db0-1045f098b24a,DWK67PJ60T,bosch-hood-dwk67pj60t-60-cm-clear-glass-black,بوش شفاط DWK67PJ60T 60 سم زجاج أسود,Bosch Hood DWK67PJ60T 60 cm Clear Glass Black,شفاطات,Ventilating fan,Rezk Store,16999.00,active,2026-08-22 13:19:30.365
1ecd9403-1561-4b73-8b5d-e4cf744f5642,DWK66PJ60T,bosch-hood-dwk66pj60t-60-cm-clear-glass-black,بوش شفاط DWK66PJ60T 60 سم زجاج أسود,Bosch Hood DWK66PJ60T 60 cm Clear Glass Black,شفاطات,Ventilating fan,Rezk Store,14999.00,active,2026-08-22 13:19:30.359
a983d64a-62db-41ad-9c08-35bce0d253c7,DWB95BC50T,bosch-hood-dwb95bc50t-90-cm-stainless-steel,بوش شفاط DWB95BC50T 90 سم ستانلس ستيل,Bosch Hood DWB95BC50T 90 cm Stainless Steel,شفاطات,Ventilating fan,Rezk Store,14499.00,active,2026-08-22 13:19:30.354
60b0065d-07e2-4979-85bb-d88d4c579c8c,DWB65BC50T,bosch-hood-dwb65bc50t-60-cm-stainless-steel,بوش شفاط DWB65BC50T 60 سم ستانلس ستيل,Bosch Hood DWB65BC50T 60 cm Stainless Steel,شفاطات,Ventilating fan,Rezk Store,11999.00,active,2026-08-22 13:19:30.33
c47a9884-70be-4a57-8010-eb8ad2ae68db,MCM3201B,bosch-food-processor-mcm3201b-800w-black,بوش محضر طعام MCM3201B 800 واط أسود,Bosch Food Processor MCM3201B 800W Black,محضرات طعام,Kitchen machine,Rezk Store,6299.00,active,2026-08-22 13:07:28.276
0925f0ca-2ade-45f6-b04f-2f2e4dd38a0e,MMR08R2,bosch-chopper-mmr08r2-400w-red,بوش كبة MMR08R2 400 واط أحمر,Bosch Chopper MMR08R2 400W Red,خلاطات,Blenders,Rezk Store,1399.00,active,2026-08-22 13:06:33.205
8811b326-82a7-47f0-ac76-550f469b6723,MSM2620B,bosch-hand-blender-msm2620b-600w-black,بوش خلاط يدوي MSM2620B 600 واط أسود,Bosch Hand Blender MSM2620B 600W Black,خلاطات,Blenders,Rezk Store,2699.00,active,2026-08-22 13:05:42.771
b4ed862a-66cb-4760-b556-b08596a30509,MAF462BO,bosch-air-fryer-maf462bo-black,بوش قلاية هوائية MAF462BO أسود,Bosch Air Fryer MAF462BO Black,قلايات,Air Fryer,Rezk Store,5999.00,active,2026-08-22 12:55:57.498
9a754677-ad0a-4761-8109-d8bdd1a63f26,BGS412234A,bosch-vacuum-cleaner-bgs412234a-2200w-red,بوش مكنسة كهربائية BGS412234A 2200 واط أحمر,Bosch Vacuum Cleaner BGS412234A 2200W Red,مكانس كهربائية,Vacuum cleaner,Rezk Store,7499.00,active,2026-08-22 12:51:32.149
58d4b462-e027-4292-b813-3438fb4ed965,BWD41700,bosch-vacuum-cleaner-bwd41700-wet-and-dry-blue,بوش مكنسة كهربائية BWD41700 رطب وجاف أزرق,Bosch Vacuum Cleaner BWD41700 Wet & Dry Blue,مكانس كهربائية,Vacuum cleaner,Rezk Store,9999.00,active,2026-08-22 12:51:32.145
4a49d578-faad-4e8c-b757-50da61eac6ee,SMS46N120V,bosch-dishwasher-sms46n120v-14-ps-silver-inox,بوش غسالة اطباق SMS46N120V 14 فرد إنوكس فضي,Bosch Dishwasher SMS46N120V 14 PS Silver Inox,"غسالات الاطباق""",DISH WASHER,Rezk Store,34999.00,active,2026-08-22 12:50:18.714
9c41b656-c5c8-42b2-9593-6bf9cc6e974c,KDN47NLEE8,bosch-refrigerator-kdn47nlee8-413l-inox,بوش ثلاجة KDN47NLEE8 413 لتر إنوكس,Bosch Refrigerator KDN47NLEE8 413L Inox,ثلاجات,FRIDGES,Rezk Store,28999.00,active,2026-08-22 12:49:12.16
fb7aacd5-a2f5-42c4-ad56-655e0a74d535,KDN43NL2E8,bosch-refrigerator-kdn43nl2e8-365l-inox,بوش ثلاجة KDN43NL2E8 365 لتر إنوكس,Bosch Refrigerator KDN43NL2E8 365L Inox,ثلاجات,FRIDGES,Rezk Store,24999.00,active,2026-08-22 12:49:12.139
3c8b4c7a-e323-4970-a766-77b21674a5e9,WLZ2421SEG,bosch-washing-machine-wlz2421seg-8-kg-silver,بوش غسالة ملابس WLZ2421SEG 8 كيلو فضي,Bosch Washing Machine WLZ2421SEG 8 KG Silver,غسالات ملابس,WASHING MACHINE,Rezk Store,21999.00,active,2026-08-22 12:48:09.878
286aa414-3930-4891-a580-e0d82e5df955,HBF011BROT,bosch-oven-hbf011brot-60-cm-stainless-steel,بوش فرن HBF011BROT 60 سم ستانلس ستيل,Bosch Oven HBF011BROT 60 cm Stainless Steel,بلت ان,BUILT IN,Rezk Store,19999.00,active,2026-08-22 12:47:13.382
aad94c70-d47e-4154-9ff0-77c8210c22fd,PGP6B5K60Q,bosch-hob-pgp6b5k60q-60-cm-stainless-steel,بوش مسطح PGP6B5K60Q 60 سم ستانلس ستيل,Bosch Hob PGP6B5K60Q 60 cm Stainless Steel,بلت ان,BUILT IN,Rezk Store,15999.00,active,2026-08-22 12:44:26.048
bb6aa6b9-1baa-4cbd-b9dd-74c90b2b41a1,HGV1F8Y525,bosch-cooker-hgv1f8y525-90-cm-stainless-steel,بوش بوتاجاز HGV1F8Y525 90 سم ستانلس ستيل,Bosch Cooker HGV1F8Y525 90 cm Stainless Steel,بوتاجازات,COOKERS,Rezk Store,17999.00,active,2026-08-22 12:32:50.011
c6f29f39-330d-4048-badc-0d48013fcb81,1MARWMFUWFST9GWHT020,ariston-washing-machine-wfst9gwhr-9k,غسالة ملابس أريستون WFST9GWHR 9k,Ariston Washing Machine WFST9GWHR 9k,"غسالات الاطباق""",DISH WASHER,Rezk Store,24999.00,active,2026-08-21 21:44:57.745
8f390bb5-2e43-4a78-ba66-339f7ffe56ca,1MARWMFUWFST8GWHT020,ariston-washing-machine-wfst8bwhr-8k,غسالة ملابس أريستون WFST8BWHR 8k,Ariston Washing Machine WFST8BWHR 8k,"غسالات الاطباق""",DISH WASHER,Rezk Store,21999.00,active,2026-08-21 21:44:57.743
892f384c-f298-408a-a325-780d169f8488,1MINREFS70420SEGL008,indesit-refrigerator-tinf70420seg,ثلاجة إنديسيت TINF70420SEG,Indesit Refrigerator TINF70420SEG,"غسالات الاطباق""",DISH WASHER,Rezk Store,22899.00,active,2026-08-21 21:44:57.74
c19c3ded-ff2a-4631-a210-49b2d558c1aa,1MARREFS1452DXDIL098,ariston-refrigerator-art70-f1452-dxdi-inox,ثلاجة أريستون ART70 F1452 DXDI إنوكس,Ariston Refrigerator ART70 F1452 DXDI Inox,"غسالات الاطباق""",DISH WASHER,Rezk Store,29499.00,active,2026-08-21 21:44:57.736
57143279-a057-4770-bd53-7c9d3226c666,1MARREFS1422DXNAL008,ariston-refrigerator-art70-f1422d-xna,ثلاجة أريستون ART70 F1422D XNA,Ariston Refrigerator ART70 F1422D XNA,"غسالات الاطباق""",DISH WASHER,Rezk Store,25499.00,active,2026-08-21 21:44:57.733
ec00b30b-0f06-4f35-9947-99712cba6b20,1MARREFS1422DXDIL098,ariston-refrigerator-art70-f1422d-xdi-inox,ثلاجة أريستون ART70 F1422D XDI إنوكس,Ariston Refrigerator ART70 F1422D XDI Inox,"غسالات الاطباق""",DISH WASHER,Rezk Store,25999.00,active,2026-08-21 21:44:57.729
62903cca-7662-4a97-8d10-9129ccbb6f04,1MARREFSF6453XEGL008,ariston-refrigerator-art70-f6453-xeg-455,ثلاجة أريستون ART70 F6453 XEG 455,Ariston Refrigerator ART70 F6453 XEG 455,"غسالات الاطباق""",DISH WASHER,Rezk Store,28999.00,active,2026-08-21 21:44:57.726
a1998b18-3ffa-461d-a6b7-dca55fbdd7cd,1MARREFSART78F65T098,ariston-refrigerator-art78-f6593-xna,ثلاجة أريستون ART78 F6593 XNA,Ariston Refrigerator ART78 F6593 XNA,"غسالات الاطباق""",DISH WASHER,Rezk Store,63399.00,active,2026-08-21 21:44:57.723
e1484277-52a6-4842-96aa-44b2f1c94f6b,1MARREFSARB78F65T098,ariston-refrigerator-arb78-f6593-xna,ثلاجة أريستون ARB78 F6593 XNA,Ariston Refrigerator ARB78 F6593 XNA,"غسالات الاطباق""",DISH WASHER,Rezk Store,63399.00,active,2026-08-21 21:44:57.72
abf3fe52-fab3-434e-a06b-401c7e9ec00b,1MARREFSARS91F66T098,ariston-refrigerator-ars91-f6634-xna,ثلاجة أريستون ARS91 F6634 XNA,Ariston Refrigerator ARS91 F6634 XNA,"غسالات الاطباق""",DISH WASHER,Rezk Store,72299.00,active,2026-08-21 21:44:57.717
a3ab0e20-b042-4b61-b50b-a6950b012cc3,1MAROVBIAROG9R2FL007,ariston-oven-arog-9r2f3ng-bna-90cm,فرن أريستون AROG 9R2F3NG BNA 90 سم,Ariston Oven AROG 9R2F3NG BNA 90cm,"غسالات الاطباق""",DISH WASHER,Rezk Store,34999.00,active,2026-08-21 21:44:57.713
70fff981-d313-4f52-af7e-c972b263555b,1MAROVBIAROG9R2FL098,ariston-oven-arog-9r2f3ng-xna-90cm-inox,فرن أريستون AROG 9R2F3NG XNA 90 سم إنوكس,Ariston Oven AROG 9R2F3NG XNA 90cm Inox,"غسالات الاطباق""",DISH WASHER,Rezk Store,34999.00,active,2026-08-21 21:44:57.71
637810b6-635c-401f-939d-dbec7276076c,1MAROVBIGESM53IXT098,ariston-oven-gesm53ixa30-90cm-inox,فرن أريستون GESM53IXA30 90 سم إنوكس,Ariston Oven GESM53IXA30 90cm Inox,"غسالات الاطباق""",DISH WASHER,Rezk Store,43999.00,active,2026-08-21 21:44:57.703
77d64840-2552-4ada-9e7c-3d865bd9128f,1MAROVBIGESM55IXT098,ariston-oven-gesm55ixa30-90cm-inox,فرن أريستون GESM55IXA30 90 سم إنوكس,Ariston Oven GESM55IXA30 90cm Inox,"غسالات الاطباق""",DISH WASHER,Rezk Store,49099.00,active,2026-08-21 21:44:57.694
d453b7dc-8fcc-4f5c-8e9b-cf10ada11108,1MAROVBIAROE6R25T098,ariston-oven-aroe6r253hxna-60cm-inox,فرن أريستون AROE6R253HXNA 60 سم إنوكس,Ariston Oven AROE6R253HXNA 60cm Inox,"غسالات الاطباق""",DISH WASHER,Rezk Store,23999.00,active,2026-08-21 21:44:57.686
7d1ff5c9-93d3-489c-89a7-85e2fcbd221d,1MAROVBIGGSM53IXT098,ariston-oven-ggsm53ixa30-90cm-inox,فرن أريستون GGSM53IXA30 90 سم إنوكس,Ariston Oven GGSM53IXA30 90cm Inox,"غسالات الاطباق""",DISH WASHER,Rezk Store,45899.00,active,2026-08-21 21:44:57.682
dd3fca1a-f990-46b4-9e1c-da332d4694fb,1MAROVBIGS33Y430T098,ariston-oven-gs33y430ixa-60cm-inox,فرن أريستون GS33Y430IXA 60 سم إنوكس,Ariston Oven GS33Y430IXA 60cm Inox,"غسالات الاطباق""",DISH WASHER,Rezk Store,30599.00,active,2026-08-21 21:44:57.678
3d9d0bb9-61b8-40af-9080-485179795f13,1MAROVBIAROG6R1GT098,ariston-oven-arog6r1g1cxna-60cm-inox,فرن أريستون AROG6R1G1CXNA 60 سم إنوكس,Ariston Oven AROG6R1G1CXNA 60cm Inox,"غسالات الاطباق""",DISH WASHER,Rezk Store,28599.00,active,2026-08-21 21:44:57.674
71e65409-9a66-4bf0-bd88-f2caff615abd,1MAROVBIAROE6R39T081,ariston-oven-aroe-6r395c-xna-60cm,فرن أريستون AROE 6R395C XNA 60 سم,Ariston Oven AROE 6R395C XNA 60cm,"غسالات الاطباق""",DISH WASHER,Rezk Store,30199.00,active,2026-08-21 21:44:57.668
e7eb3785-5f1c-40b5-9e58-f2852907de54,1MARMIBIAMD54MXAI098,ariston-microwave-amd54mxa-stainless-steel,ميكروويف أريستون AMD54MXA ستانلس ستيل,Ariston MICROWAVE AMD54MXA Stainless Steel,"غسالات الاطباق""",DISH WASHER,Rezk Store,49999.00,active,2026-08-21 21:44:57.665
aed8a1ee-9b88-4b61-9545-53de4bf08e5e,1MARMIBIAMW57DHMI098,ariston-microwave-amw57dhmxa,ميكروويف أريستون AMW57DHMXA,Ariston MICROWAVE AMW57DHMXA,"غسالات الاطباق""",DISH WASHER,Rezk Store,57499.00,active,2026-08-21 21:44:57.662
acda3cb2-a0c5-429f-ae1d-40660822bbc1,1MARMIBIAM212XA0I098,ariston-microwave-212-xa,ميكروويف أريستون 212 XA,Ariston MICROWAVE 212 XA,"غسالات الاطباق""",DISH WASHER,Rezk Store,29999.00,active,2026-08-21 21:44:57.658
763e0bbd-dbbe-4dc8-a9a5-d9df66d34e74,1MINHOBIISLK96LSI009,indesit-hood-islk-96-ls-x-90cm-stainless-steel,شفاط إنديسيت ISLK 96 LS X 90 سم ستانلس ستيل,Indesit HOOD ISLK 96 LS X 90cm Stainless Steel,"غسالات الاطباق""",DISH WASHER,Rezk Store,8499.00,active,2026-08-21 21:44:57.65
9fcb1b2c-8dd5-4dee-a23e-3ee265ed66b1,1MINHOBIISLT65LSP098,indesit-hood-islt65lsx-60cm-stainless-steel,شفاط إنديسيت ISLT65LSX 60 سم ستانلس ستيل,Indesit HOOD ISLT65LSX 60cm Stainless Steel,"غسالات الاطباق""",DISH WASHER,Rezk Store,5999.00,active,2026-08-21 21:44:57.645
bc215c40-cd30-40b5-9b13-c9f40fd2f7cd,1MARHOBISL161LIXI098,ariston-hood-sl161lix-60cm-stainless-steel,شفاط أريستون SL161LIX 60 سم ستانلس ستيل,Ariston HOOD SL161LIX 60cm Stainless Steel,"غسالات الاطباق""",DISH WASHER,Rezk Store,6999.00,active,2026-08-21 21:44:57.641
5d6cfcca-9867-4755-aebe-c13a6301e005,1MARHOBIAHBS93FLP009,ariston-hood-ahbs-9,شفاط أريستون AHBS 9,Ariston HOOD AHBS 9,"غسالات الاطباق""",DISH WASHER,Rezk Store,19999.00,active,2026-08-21 21:44:57.637
8f71fdf4-6c5d-4352-a6c7-f381799ff1eb,1MARHOBIAROV9442T007,ariston-hood-aro-v9442f-bna-90cm,شفاط أريستون ARO V9442F BNA 90 سم,Ariston HOOD ARO V9442F BNA 90cm,"غسالات الاطباق""",DISH WASHER,Rezk Store,20999.00,active,2026-08-21 21:44:57.633
a3960039-0f82-4258-84b6-f845f9b57fd5,1MARHOBIAHPN94FLP098,ariston-hood-1marhobiahpn94flp098-90cm-stainless-steel,شفاط أريستون 1MARHOBIAHPN94FLP098 90 سم ستانلس ستيل,Ariston HOOD 1MARHOBIAHPN94FLP098 90cm Stainless Steel,"غسالات الاطباق""",DISH WASHER,Rezk Store,16999.00,active,2026-08-21 21:44:57.628
41c1e050-0326-4dd8-b675-a231a9f2fe31,1MARHOBIAHPN97FLP098,ariston-hood-1marhobiahpn97flp098-90cm-stainless-steel,شفاط أريستون 1MARHOBIAHPN97FLP098 90 سم ستانلس ستيل,Ariston HOOD 1MARHOBIAHPN97FLP098 90cm Stainless Steel,"غسالات الاطباق""",DISH WASHER,Rezk Store,19999.00,active,2026-08-21 21:44:57.624
916d3297-a591-4791-8e94-5350903c4a43,1MARHOBISL191LPII098,ariston-hood-sl191lpix-90cm,شفاط أريستون SL191LPIX 90 سم,Ariston HOOD SL191LPIX 90cm,"غسالات الاطباق""",DISH WASHER,Rezk Store,10999.00,active,2026-08-21 21:44:57.621
939b5dfd-ec87-4b20-9227-8aae0e2b2097,1MINCOBIIN9522IXI007,indesit-hobs-indesit-hob-in9522ix-90-cm-90cm-stainless-steel,مسطح إنديسيت INDESIT مسطح IN9522IX 90 سم 90 سم ستانلس ستيل,Indesit HOBS INDESIT HOB IN9522IX 90 CM 90cm Stainless Steel,"غسالات الاطباق""",DISH WASHER,Rezk Store,27999.00,active,2026-08-21 21:44:57.617
3053268e-5376-449b-8e39-f0cdb1a5bccc,1MARHBBIPHN962TSI009,ariston-hobs-phn-962-ts-90cm,مسطح أريستون PHN 962 TS 90 سم,Ariston HOBS PHN 962 TS 90cm,"غسالات الاطباق""",DISH WASHER,Rezk Store,27599.00,active,2026-08-21 21:44:57.611
8f3dc9c2-a6b6-4f97-9953-62697e384faf,1MARHBBIHR611CA0I007,ariston-hobs-611-c-a-60cm,مسطح أريستون 611 C A 60 سم,Ariston HOBS 611 C A 60cm,"غسالات الاطباق""",DISH WASHER,Rezk Store,22799.00,active,2026-08-21 21:44:57.608
6d21fcb3-e341-4cf0-b61a-7985defa7b1b,1MARCOBIAGS92SBKI007,ariston-hobs-ags92sbk-90cm,مسطح أريستون AGS92SBK 90 سم,Ariston HOBS AGS92SBK 90cm,"غسالات الاطباق""",DISH WASHER,Rezk Store,30199.00,active,2026-08-21 21:44:57.604
f8f4cff6-8e91-44c3-b326-cebbe9cb73f0,1MARHBBIHR609CA0I007,ariston-hobs-609-c-a-60cm,مسطح أريستون 609 C A 60 سم,Ariston HOBS 609 C A 60cm,"غسالات الاطباق""",DISH WASHER,Rezk Store,21499.00,active,2026-08-21 21:44:57.601
56a3ea91-8f9e-4928-b064-9350caeb755e,1MARCOBIARH6G4R2T009,ariston-hobs-arh-6g4r22-w2xna-stainless-steel,مسطح أريستون ARH 6G4R22 W2XNA ستانلس ستيل,Ariston HOBS ARH 6G4R22 W2XNA Stainless Steel,"غسالات الاطباق""",DISH WASHER,Rezk Store,12999.00,active,2026-08-21 21:44:57.598
528c986c-61d8-4f77-bd2b-edf6f2663760,1MARHBBIPHN961TSI009,ariston-hobs-phn-961-ts-90cm-stainless-steel,مسطح أريستون PHN 961 TS 90 سم ستانلس ستيل,Ariston HOBS PHN 961 TS 90cm Stainless Steel,"غسالات الاطباق""",DISH WASHER,Rezk Store,29999.00,active,2026-08-21 21:44:57.595
696a35ea-23cc-4f1f-8698-9d1e1caf67c4,1MINDFHOINU6012CL008,indesit-freezer-inu6012ceg-8drj,فريزر إنديسيت INU6012CEG 8درج,Indesit Freezer INU6012CEG 8درج,"غسالات الاطباق""",DISH WASHER,Rezk Store,28999.00,active,2026-08-21 21:44:57.591
1b9702df-322d-441d-b7a7-f622bf1b342e,1MARDRBIABMTD8G0T020,ariston-dryer-abmtd8g,مجفف أريستون ABMTD8G,Ariston DRYER ABMTD8G,"غسالات الاطباق""",DISH WASHER,Rezk Store,32699.00,active,2026-08-21 21:44:57.588
672011a7-059b-4d67-9c97-665d3e4c523f,1MARDRBIABMTD9G0T020,ariston-dryer-abmtd9g,مجفف أريستون ABMTD9G,Ariston DRYER ABMTD9G,"غسالات الاطباق""",DISH WASHER,Rezk Store,36999.00,active,2026-08-21 21:44:57.58
375f9ffb-c1fb-4288-98cc-926c6f8d424f,1MINCOFSF21115XNL098,indesit-cooker-inr9-ggf-21115-xna-90cm-stainless-steel,بوتاجاز إنديسيت INR9 GGF 21115 XNA 90 سم ستانلس ستيل,Indesit Cooker INR9 GGF 21115 XNA 90cm Stainless Steel,بوتاجازات,COOKERS,Rezk Store,15499.00,active,2026-08-21 20:43:54.654
af7edab9-9dd2-4c6c-ad12-d622bc344f8e,1MARCOFSARR9GGF4L098,ariston-cooker-arr9ggf43229xeg-90cm,بوتاجاز أريستون ARR9GGF43229XEG 90 سم,Ariston Cooker ARR9GGF43229XEG 90cm,بوتاجازات,COOKERS,Rezk Store,27499.00,active,2026-08-21 20:43:54.649
3218992f-edae-4adc-87bd-51e0ec40f306,1MARCOFS33229XEGL098,ariston-cooker-arr9-ggf-33229-xeg-90cm-inox,بوتاجاز أريستون ARR9 GGF 33229 XEG 90 سم إنوكس,Ariston Cooker ARR9 GGF 33229 XEG 90cm Inox,بوتاجازات,COOKERS,Rezk Store,25499.00,active,2026-08-21 20:43:54.643
3239eb96-1cdb-40aa-9783-072e637b0e9d,1MARCOFS43129XEGL098,ariston-cooker-arr9ggf43129xeg-90cm-inox,بوتاجاز أريستون ARR9GGF43129XEG 90 سم إنوكس,Ariston Cooker ARR9GGF43129XEG 90cm Inox,بوتاجازات,COOKERS,Rezk Store,23999.00,active,2026-08-21 20:43:54.638
20ba4e94-cacd-4fe0-95da-7a926040d48e,1MARCOFS23127XJAL098,ariston-cooker-arr9-ggf-23127-xja-90cm-inox,بوتاجاز أريستون ARR9 GGF 23127 XJA 90 سم إنوكس,Ariston Cooker ARR9 GGF 23127 XJA 90cm Inox,بوتاجازات,COOKERS,Rezk Store,21999.00,active,2026-08-21 20:43:54.625
9433d6cf-ee18-45d3-95d2-af8a082b1009,B5RCNE565HXPBGE,refrigerator-beko-b5rcne565hxpbge-2-door-beko-560-liter-net490-liter-no-frost-display-digital-touch-glass-black-combi-new,ثلاجة - BEKO - B5RCNE565HXPBGE - 2 باب بيكو 560 لتر - صافى490 لتر-نوفروست -شاشة ديجيتال تاتش - زجاج اسود -كومبى NEW,REFRIGERATOR - BEKO - B5RCNE565HXPBGE - 2 Door Beko 560 Liter - Net490 Liter - No Frost - Display Digital Touch - Glass Black - Combi NEW,ثلاجات,FRIDGES,Rezk Store,47999.00,active,2026-08-15 00:45:34.248
eccbf208-e80b-4731-acfc-c81d8b58be15,B5RCNE565HXPE,refrigerator-beko-b5rcne565hxpe-2-door-beko-560-liter-net490-liter-no-frost-display-digital-touch-stainless-combi,ثلاجة - BEKO - B5RCNE565HXPE - 2 باب بيكو 560 لتر - صافى490 لتر-نوفروست -شاشة ديجيتال تاتش - ستانلس -كومبى,REFRIGERATOR - BEKO - B5RCNE565HXPE - 2 Door Beko 560 Liter - Net490 Liter - No Frost - Display Digital Touch - Stainless - Combi,ثلاجات,FRIDGES,Rezk Store,47999.00,active,2026-08-15 00:45:34.243
2f3ecbf5-2430-4f61-b0e7-dffb5b222045,RDNE651E60ZXR,refrigerator-beko-rdne651e60zxr-2-door-beko-650-liter-net630-liter-no-frost-display-digital-touch-water-dispenser-stainless-dark-new,ثلاجة - BEKO - RDNE651E60ZXR - 2 باب بيكو 650 لتر - صافى630 لتر-نوفروست- شاشة ديجيتال تاتش - حنفيه ستانلس غامق NEW,REFRIGERATOR - BEKO - RDNE651E60ZXR - 2 Door Beko 650 Liter - Net630 Liter - No Frost - Display Digital Touch - Water Dispenser Stainless Dark NEW,ثلاجات,FRIDGES,Rezk Store,58499.00,active,2026-08-15 00:45:34.238
fc185074-9db7-4a0b-814d-6dd3245c3c00,RDNE651E60XP,refrigerator-beko-rdne651e60xp-2-door-beko-650-liter-net630-liter-no-frost-display-digital-touch-water-dispenser-stainlessnew,ثلاجة - BEKO - RDNE651E60XP - 2 باب بيكو 650 لتر - صافى630 لتر-نوفروست- شاشة ديجيتال تاتش - حنفيه ستانلسNEW,REFRIGERATOR - BEKO - RDNE651E60XP - 2 Door Beko 650 Liter - Net630 Liter - No Frost - Display Digital Touch - Water Dispenser StainlessNEW,ثلاجات,FRIDGES,Rezk Store,57499.00,active,2026-08-15 00:45:34.233
598543e2-64be-4e0a-8cb5-ae1bdf583173,RDNE650E60ZXR,refrigerator-beko-rdne650e60zxr-2-door-beko-650-liter-net630-liter-no-frost-display-digital-touch-with-water-dispenser-stainless-dark,ثلاجة - BEKO - RDNE650E60ZXR - 2 باب بيكو 650 لتر - صافى630 لتر-نوفروست- شاشة ديجيتال تاتش- بالحنفيه - ستانلس غامق,REFRIGERATOR - BEKO - RDNE650E60ZXR - 2 Door Beko 650 Liter - Net630 Liter - No Frost - Display Digital Touch - with Water Dispenser - Stainless Dark,ثلاجات,FRIDGES,Rezk Store,69999.00,active,2026-08-15 00:45:34.226
6eb308e5-19bd-4f4c-acde-fb76d6e1b4b4,RDNE650E60XP,refrigerator-beko-rdne650e60xp-2-door-beko-650-liter-net630-liter-no-frost-display-digital-touch-with-water-dispenser-stainless,ثلاجة - BEKO - RDNE650E60XP - 2 باب بيكو 650 لتر - صافى630 لتر-نوفروست- شاشة ديجيتال تاتش- بالحنفيه - ستانلس,REFRIGERATOR - BEKO - RDNE650E60XP - 2 Door Beko 650 Liter - Net630 Liter - No Frost - Display Digital Touch - with Water Dispenser - Stainless,ثلاجات,FRIDGES,Rezk Store,65999.00,active,2026-08-15 00:45:34.221
d5bdf54f-5377-4bad-bce8-37c842f8af46,B3RDNE590ZXB,refrigerator-beko-b3rdne590zxb-2-door-beko-590-liter-no-frost-stainless-net-557-liter-display-digital-inverter-harvest-fresh,ثلاجة - BEKO - B3RDNE590ZXB - 2 باب بيكو 590 لتر نوفروست - ستانلس - صافي 557 لتر شاشة ديجيتال - انفرتر-هارفست فريش,REFRIGERATOR - BEKO - B3RDNE590ZXB - 2 Door Beko 590 Liter No Frost - Stainless - Net 557 Liter Display Digital - Inverter - Harvest Fresh,ثلاجات,FRIDGES,Rezk Store,51999.00,active,2026-08-15 00:45:34.215
7f6c2863-6ceb-407d-9589-3007dca6c684,B3RDNE590ZB,refrigerator-beko-b3rdne590zb-2-door-beko-590-liter-no-frost-black-net-557-liter-display-digital-inverter-harvest-fresh,ثلاجة - BEKO - B3RDNE590ZB - 2 باب بيكو 590 لتر نوفروست - اسود - صافي 557 لتر شاشة ديجيتال - انفرتر- هارفست فريش,REFRIGERATOR - BEKO - B3RDNE590ZB - 2 Door Beko 590 Liter No Frost - Black - Net 557 Liter Display Digital - Inverter - Harvest Fresh,ثلاجات,FRIDGES,Rezk Store,51999.00,active,2026-08-15 00:45:34.207
6b51874e-4986-45dc-a23d-5da0edd1585d,RDNE600K20DX,refrigerator-beko-rdne600k20dx-2-door-beko-600-liter-net555-liter-no-frost-with-water-dispenser-inox,ثلاجات - BEKO - RDNE600K20DX - 2 باب بيكو 600 لتر - صافى555 لتر-نوفروست- بالحنفيه - اينوكس,REFRIGERATOR - BEKO - RDNE600K20DX - 2 Door Beko 600 Liter - Net555 Liter - No Frost - with Water Dispenser - Inox,ثلاجات,FRIDGES,Rezk Store,57799.00,active,2026-08-15 00:45:34.199
d6910b68-0842-420a-8c3c-8c3d65153ca7,B3RDNE500LXBR,refrigerator-beko-b3rdne500lxbr-2-door-beko-net477-liter-no-frost-display-digital-touch-with-water-dispenser-inverter-harvest-fresh-stainless-dark,ثلاجة - BEKO - B3RDNE500LXBR - 2 باب بيكو صافى477 لتر-نوفروست- شاشة ديجيتال تاتش - بالحنفيه - انفرتر+ هارفست فريش - ستانلس غامق,REFRIGERATOR - BEKO - B3RDNE500LXBR - 2 Door Beko Net477 Liter - No Frost - Display Digital Touch - with Water Dispenser - Inverter+ Harvest Fresh - Stainless Dark,ثلاجات,FRIDGES,Rezk Store,42999.00,active,2026-08-15 00:45:34.192
00bd4823-5ef3-4ae3-9408-499a3505d233,B3RDNE500LDXB,refrigerator-beko-b3rdne500ldxb-2-door-beko-net477-liter-no-frost-display-digital-touch-with-water-dispenser-inverter-harvest-fresh-stainless,ثلاجة - BEKO - B3RDNE500LDXB - 2 باب بيكو صافى477 لتر-نوفروست- شاشة ديجيتال تاتش - بالحنفيه - انفرتر+ هارفست فريش - ستانلس,REFRIGERATOR - BEKO - B3RDNE500LDXB - 2 Door Beko Net477 Liter - No Frost - Display Digital Touch - with Water Dispenser - Inverter+ Harvest Fresh - Stainless,ثلاجات,FRIDGES,Rezk Store,42999.00,active,2026-08-15 00:45:34.187
c57166af-33d9-4f67-b4ec-2b3ca23114c9,RDNE455M20XBIDTEWEGB,refrigerator-beko-rdne455m20xbidtewegb-2-door-beko-455-liter-net406-liter-no-frost-black-inverter-harvest-fresh-display-digital-water-dispenser-new,ثلاجة - BEKO - RDNE455M20XBIDTEWEGB - 2 باب بيكو 455 لتر - صافى406 لتر- نوفروست- أسود -Inverter + هارفست فريش + شاشة ديجيتال + مبرد مياه NEW,REFRIGERATOR - BEKO - RDNE455M20XBIDTEWEGB - 2 Door Beko 455 Liter - Net406 Liter - No Frost - Black - Inverter + Harvest Fresh + Display Digital + Water Dispenser NEW,ثلاجات,FRIDGES,Rezk Store,27999.00,active,2026-08-15 00:45:34.182
cfc5fe8d-d5f3-421a-b1dc-2221518a43b1,RDNE455M20XBIDTEWEG,refrigerator-beko-rdne455m20xbidteweg-2-door-beko-455-liter-net406-liter-no-frost-silver-inverter-harvest-fresh-display-digital-touch-water-dispenser-new,ثلاجة - BEKO - RDNE455M20XBIDTEWEG - 2 باب بيكو 455 لتر - صافى406 لتر- نوفروست- سيلفر -Inverter + هارفست فريش + شاشة ديجيتال تاتش + مبرد مياه NEW,REFRIGERATOR - BEKO - RDNE455M20XBIDTEWEG - 2 Door Beko 455 Liter - Net406 Liter - No Frost - Silver - Inverter + Harvest Fresh + Display Digital Touch + Water Dispenser NEW,ثلاجات,FRIDGES,Rezk Store,27499.00,active,2026-08-15 00:45:34.175
3ac3d515-8280-4ce4-8c1c-374124e5ff5c,RDNE455M20XBIDB,refrigerator-beko-rdne455m20xbidb-2-door-beko-455-liter-net406-liter-no-frost-black-inverter-harvest-fresh-display-digital,ثلاجة - BEKO - RDNE455M20XBIDB - 2 باب بيكو 455 لتر - صافى406 لتر- نوفروست- أسود -Inverter + هارفست فريش + شاشة ديجيتال,REFRIGERATOR - BEKO - RDNE455M20XBIDB - 2 Door Beko 455 Liter - Net406 Liter - No Frost - Black - Inverter + Harvest Fresh + Display Digital,ثلاجات,FRIDGES,Rezk Store,27499.00,active,2026-08-15 00:45:34.172
c2798583-d3b7-492a-a6ef-3b6d078ab2f4,RDNE455M20XBIDS,refrigerator-beko-rdne455m20xbids-2-door-beko-455-liter-net406-liter-no-frost-silver-inverter-harvest-fresh-display-digital,ثلاجة - BEKO - RDNE455M20XBIDS - 2 باب بيكو 455 لتر - صافى406 لتر- نوفروست- سيلفر -Inverter + هارفست فريش + شاشة ديجيتال,REFRIGERATOR - BEKO - RDNE455M20XBIDS - 2 Door Beko 455 Liter - Net406 Liter - No Frost - Silver - Inverter + Harvest Fresh + Display Digital,ثلاجات,FRIDGES,Rezk Store,26999.00,active,2026-08-15 00:45:34.169
6a7e3973-9199-4845-947f-4449d5abb3c9,RDNE455M20XBIDEGB,refrigerator-beko-rdne455m20xbidegb-2-door-beko-455-liter-net406-liter-no-frost-black-inverter,ثلاجة - BEKO - RDNE455M20XBIDEGB - 2 باب بيكو 455 لتر  - صافى406 لتر- نوفروست-  اسود  -Inverter,REFRIGERATOR - BEKO - RDNE455M20XBIDEGB - 2 Door Beko 455 Liter - Net406 Liter - No Frost - Black - Inverter,ثلاجات,FRIDGES,Rezk Store,25499.00,active,2026-08-15 00:45:34.164
8b32219f-770b-4ebb-83d4-a1f4db46a92c,RDNE455M20XBIDEG,refrigerator-beko-rdne455m20xbideg-2-door-beko-455-liter-net406-liter-no-frost-stainless-inverter,ثلاجة - BEKO - RDNE455M20XBIDEG - 2 باب بيكو 455 لتر  - صافى406 لتر- نوفروست-  ستانلس  -Inverter,REFRIGERATOR - BEKO - RDNE455M20XBIDEG - 2 Door Beko 455 Liter - Net406 Liter - No Frost - Stainless - Inverter,ثلاجات,FRIDGES,Rezk Store,24999.00,active,2026-08-15 00:45:34.158
17b576d2-e1b6-421a-b653-3fc3a7aa0fc4,RDNE455MK,refrigerator-beko-rdne455mk-2-door-beko-455-liter-net430-liter-no-frost-silver,ثلاجة - BEKO - RDNE455MK - 2 باب بيكو 455 لتر  - صافى430 لتر- نوفروست-  سيلفر,REFRIGERATOR - BEKO - RDNE455MK - 2 Door Beko 455 Liter - Net430 Liter - No Frost - Silver,ثلاجات,FRIDGES,Rezk Store,23999.00,active,2026-08-15 00:45:34.145
9c4dd9c9-597e-4fcd-97f4-a35f5ddd209a,RDNE420K02DXITEGB,refrigerator-beko-rdne420k02dxitegb-2-door-beko-420-liter-net-367-liter-no-frost-black-digital-inverter-harvest-fresh,ثلاجة - BEKO - RDNE420K02DXITEGB - 2 باب بيكو 420 لتر  - صافي 367 لتر- نوفروست-  اسود  - ديجيتال -Inverter + هارفست فريش,REFRIGERATOR - BEKO - RDNE420K02DXITEGB - 2 Door Beko 420 Liter - Net 367 Liter - No Frost - Black - Digital - Inverter + Harvest Fresh,ثلاجات,FRIDGES,Rezk Store,25699.00,active,2026-08-15 00:45:34.137
ecdc7ca9-b0eb-4925-ab3c-4143c7733018,RDNE420K02DXITEG,refrigerator-beko-rdne420k02dxiteg-2-door-beko-420-liter-net367-liter-no-frost-silver-digital-inverter-harvest-fresh,ثلاجة - BEKO - RDNE420K02DXITEG - 2 باب بيكو 420 لتر - صافى367 لتر- نوفروست- سيلفر - ديجيتال -Inverter + هارفست فريش,REFRIGERATOR - BEKO - RDNE420K02DXITEG - 2 Door Beko 420 Liter - Net367 Liter - No Frost - Silver - Digital - Inverter + Harvest Fresh,ثلاجات,FRIDGES,Rezk Store,25199.00,active,2026-08-15 00:45:34.131
10e3ac1d-d1f0-49e8-b501-7202c40d0125,RDNE420K02DXIPEGB,refrigerator-beko-rdne420k02dxipegb-2-door-beko-420-liter-net-367-liter-no-frost-black-inverter,ثلاجة - BEKO - RDNE420K02DXIPEGB - 2 باب بيكو 420 لتر  - صافي 367 لتر- نوفروست-  اسود  -Inverter,REFRIGERATOR - BEKO - RDNE420K02DXIPEGB - 2 Door Beko 420 Liter - Net 367 Liter - No Frost - Black - Inverter,ثلاجات,FRIDGES,Rezk Store,22999.00,active,2026-08-15 00:45:34.127
4e9ba67a-08a1-4646-b437-c3bf6806ad6a,RDNE420K02DXISEG,refrigerator-beko-rdne420k02dxiseg-2-door-beko-420-liter-net-367-liter-no-frost-stainless-inverter,ثلاجة - BEKO - RDNE420K02DXISEG - 2 باب بيكو 420 لتر  - صافي 367 لتر- نوفروست-  ستانلس   -Inverter,REFRIGERATOR - BEKO - RDNE420K02DXISEG - 2 Door Beko 420 Liter - Net 367 Liter - No Frost - Stainless - Inverter,ثلاجات,FRIDGES,Rezk Store,22499.00,active,2026-08-15 00:45:34.122
0639c47a-fa8f-405b-ad12-a960df3997a7,RDNE420KDB,refrigerator-beko-rdne420kdb-2-door-beko-420-liter-net-390-liter-no-frost-black-new,ثلاجة - BEKO - RDNE420KDB - 2 باب بيكو 420 لتر  - صافى 390 لتر- نوفروست - اسود NEW,REFRIGERATOR - BEKO - RDNE420KDB - 2 Door Beko 420 Liter - Net 390 Liter - No Frost - Black NEW,ثلاجات,FRIDGES,Rezk Store,20799.00,active,2026-08-15 00:45:34.118
3884b855-a925-4796-86d3-831ee5fb11b3,RDNE420KD,refrigerator-beko-rdne420kd-2-door-beko-420-liter-net-390-liter-no-frost-silver,ثلاجة - BEKO - RDNE420KD - 2 باب بيكو 420 لتر  - صافى 390 لتر- نوفروست - سيلفر,REFRIGERATOR - BEKO - RDNE420KD - 2 Door Beko 420 Liter - Net 390 Liter - No Frost - Silver,ثلاجات,FRIDGES,Rezk Store,20499.00,active,2026-08-15 00:45:34.114
22fc46aa-5b46-4d38-9f4f-d30129c0b5f2,RDNE400K02DXIEGB NEW,refrigerator-beko-rdne400k02dxiegb-new-2-door-beko-400-liter-no-frost-black-new,ثلاجة - BEKO - RDNE400K02DXIEGB NEW - 2 باب بيكو 400 لتر- نوفروست - أسود NEW,REFRIGERATOR - BEKO - RDNE400K02DXIEGB NEW - 2 Door Beko 400 Liter - No Frost - Black NEW,ثلاجات,FRIDGES,Rezk Store,19299.00,active,2026-08-15 00:45:34.108
54dbbe95-b2f8-42a0-bbd1-23e196388285,RDNE400K02DXIEG NEW,refrigerator-beko-rdne400k02dxieg-new-2-door-beko-400-liter-no-frost-silver-new,ثلاجة - BEKO - RDNE400K02DXIEG NEW - 2 باب بيكو 400 لتر- نوفروست - سلفر NEW,REFRIGERATOR - BEKO - RDNE400K02DXIEG NEW - 2 Door Beko 400 Liter - No Frost - Silver NEW,ثلاجات,FRIDGES,Rezk Store,18999.00,active,2026-08-15 00:45:34.099
7345effe-7c8e-427f-a95a-69cfcd372632,RDN350M20SXEGB NEW,refrigerator-beko-rdn350m20sxegb-new-2-door-beko-350-liter-no-frost-black-new,ثلاجة- BEKO - RDN350M20SXEGB NEW - 2 باب بيكو 350 لتر- نوفروست - أسود NEW,REFRIGERATOR - BEKO - RDN350M20SXEGB NEW - 2 Door Beko 350 Liter - No Frost - Black NEW,ثلاجات,FRIDGES,Rezk Store,17799.00,active,2026-08-15 00:45:34.092
feed7e38-b723-401f-9fb9-413d6449e6f7,RDN350M20SXEG NEW,refrigerator-beko-rdn350m20sxeg-new-2-door-beko-350-liter-no-frost-silver-new,ثلاجة - BEKO - RDN350M20SXEG NEW - 2 باب بيكو 350 لتر- نوفروست - سلفر NEW,REFRIGERATOR - BEKO - RDN350M20SXEG NEW - 2 Door Beko 350 Liter - No Frost - Silver NEW,ثلاجات,FRIDGES,Rezk Store,17499.00,active,2026-08-15 00:45:34.084
ba4cabf7-5ee1-404e-99f4-4c2f180ee4b1,RDSG550M20SEG,refrigerator-beko-rdsg550m20seg-2-door-beko-465-liter-net438-liter-defrost-silver,ثلاجة - BEKO - RDSG550M20SEG - 2 باب بيكو 465 لتر  - صافى438 لتر- ديفروست- سيلفر,REFRIGERATOR - BEKO - RDSG550M20SEG - 2 Door Beko 465 Liter - Net438 Liter - Defrost - Silver,ثلاجات,FRIDGES,Rezk Store,18499.00,active,2026-08-15 00:45:34.077
0747956e-059c-469b-a5cb-6b9b4fe5787b,RDSG420M20SXBEG,refrigerator-beko-rdsg420m20sxbeg-2-door-beko-411-liter-net-400-liter-defrost-silver-new,ثلاجة - BEKO - RDSG420M20SXBEG - 2 باب بيكو 411 لتر  - صافى 400 لتر- ديفروست - سيلفر  NEW,REFRIGERATOR - BEKO - RDSG420M20SXBEG - 2 Door Beko 411 Liter - Net 400 Liter - Defrost - Silver NEW,ثلاجات,FRIDGES,Rezk Store,16999.00,active,2026-08-15 00:45:34.064
1158524e-9ecf-4f8d-91aa-148a199f2854,TSE12340B,mini-bar-beko-tse12340b-beko-120-liter-net-116-liter-black,ميني بار - BEKO - TSE12340B - بيكو 120 لتر-صافى 116 لتر- اسود,MINI BAR - BEKO - TSE12340B - Beko 120 Liter - Net 116 Liter - Black,ميني بار,mini bar,Rezk Store,14499.00,active,2026-08-15 00:37:25.295
5919a088-a25c-46dc-aff4-9831aed2c4e0,TSE12340 S,mini-bar-beko-tse12340-s-beko-120-liter-net-116-liter-silver,ميني بار - BEKO - TSE12340 S - بيكو 120 لتر-صافى 116 لتر- فضي,MINI BAR - BEKO - TSE12340 S - Beko 120 Liter - Net 116 Liter - Silver,ميني بار,mini bar,Rezk Store,13999.00,active,2026-08-15 00:37:25.291
3508dfe2-b470-4150-b62c-4c849a74949b,TS190210B,mini-bar-beko-ts190210b-beko-90-liter-net-87-liter-black,ميني بار - BEKO - TS190210B - بيكو 90 لتر- صافى 87 لتر- اسود,MINI BAR - BEKO - TS190210B - Beko 90 Liter - Net 87 Liter - Black,ميني بار,mini bar,Rezk Store,11999.00,active,2026-08-15 00:37:25.286
20fa31f4-de03-4c47-941a-553d70094e28,TS190210 S,mini-bar-beko-ts190210-s-beko-90-liter-net-87-liter-silver,ميني بار - BEKO - TS190210 S - بيكو 90 لتر- صافى 87 لتر-فضي,MINI BAR - BEKO - TS190210 S - Beko 90 Liter - Net 87 Liter - Silver,ميني بار,mini bar,Rezk Store,11499.00,active,2026-08-15 00:37:25.269
2966f69d-0f9c-4c12-863e-7fdc9c951529,H98S900UX,haier-tv-98-qled-smart-google-tv-h98s900ux,شاشة هاير 98 بوصة QLED سمارت Google TV H98S900UX,Haier TV 98 QLED Smart Google TV H98S900UX,تليفزيون,TVs,Rezk Store,230000.00,active,2026-08-05 20:39:02.603
c019aa83-5b7d-4752-acf0-38915fd756df,H65S90EU,haier-tv-65-qled-smart-google-tv-h65s90eu,شاشة هاير 65 بوصة QLED سمارت Google TV H65S90EU,Haier TV 65-QLED Smart Google TV H65S90EU,تليفزيون,TVs,Rezk Store,30499.00,active,2026-08-05 20:39:02.597
bbe05c3f-77e8-46c7-b68e-b92225e97355,H55S90EU,haier-tv-55-qled-smart-google-tv-h55s90eu,شاشة هاير 55 بوصة QLED سمارت Google TV H55S90EU,Haier TV 55 QLED Smart Google TV H55S90EU,تليفزيون,TVs,Rezk Store,25999.00,active,2026-08-05 20:39:02.586
3a2aada0-0980-443a-b431-f40dc83fdc8c,H65S80GUX,haier-tv-65-qled-smart-google-tv-h65s80gux,شاشة هاير 65 بوصة QLED سمارت Google TV H65S80GUX,Haier TV 65 QLED Smart Google TV H65S80GUX,تليفزيون,TVs,Rezk Store,29999.00,active,2026-08-05 20:39:02.572
96a30df8-03fa-4425-a231-2f4bab1516a6,H55S80GUX,haier-tv-55-qled-smart-google-tv-h55s80gux,شاشة هاير 55 بوصة QLED سمارت Google TV H55S80GUX,Haier TV 55 QLED Smart Google TV H55S80GUX,تليفزيون,TVs,Rezk Store,24599.00,active,2026-08-05 20:39:02.554
e3ceec7c-510a-45b6-aeff-97756db9d7bb,H50S80GUX,haier-tv-50-qled-smart-google-tv-h50s80gux,شاشة هاير 50 بوصة QLED سمارت Google TV H50S80GUX,Haier TV 50 QLED Smart Google TV H50S80GUX,تليفزيون,TVs,Rezk Store,19999.00,active,2026-08-05 20:39:02.537
174f9047-3046-4012-a8eb-fd2b7090975c,H43S80GFX,haier-tv-43-qled-smart-google-tv-h43s80gfx,شاشة هاير 43 بوصة QLED سمارت Google TV H43S80GFX,Haier TV 43 QLED Smart Google TV H43S80GFX,تليفزيون,TVs,Rezk Store,13499.00,active,2026-08-05 20:39:02.529
8c76247b-f220-4651-b649-f17c015c8a23,H75S80FUX,haier-tv-75-qled-smart-google-tv-h75s80fux,شاشة هاير 75 بوصة QLED سمارت Google TV H75S80FUX,Haier TV 75 QLED Smart Google TV H75S80FUX,تليفزيون,TVs,Rezk Store,39499.00,active,2026-08-05 20:39:02.519
07e071b8-022c-47f0-a4db-d23fff3df654,H65S80FUX,haier-tv-65-qled-smart-google-tv-h65s80fux,شاشة هاير 65 بوصة QLED سمارت Google TV H65S80FUX,Haier TV 65 QLED Smart Google TV H65S80FUX,تليفزيون,TVs,Rezk Store,29999.00,active,2026-08-05 20:39:02.502
d43b32ec-848c-4e48-a8d0-27bc79006ed0,H55S80FUX,haier-tv-55-qled-smart-google-tv-h55s80fux,شاشة هاير 55 بوصة QLED سمارت Google TV H55S80FUX,Haier TV 55 QLED Smart Google TV H55S80FUX,تليفزيون,TVs,Rezk Store,24599.00,active,2026-08-05 20:39:02.48
4a118bbf-d7ef-417a-8188-3bab8f9d9bbc,H50S80FUX,haier-tv-50-qled-smart-google-tv-h50s80fux,شاشة هاير 50 بوصة QLED سمارت Google TV H50S80FUX,Haier TV 50 QLED Smart Google TV H50S80FUX,تليفزيون,TVs,Rezk Store,19999.00,active,2026-08-05 20:39:02.433
f8926216-4ec6-48b0-91c3-9da82f4b20d2,H65K85GUX,haier-tv-65-smart-google-tv-h65k85gux,شاشة هاير 65 بوصة سمارت Google TV H65K85GUX,Haier TV 65 Smart Google TV H65K85GUX,تليفزيون,TVs,Rezk Store,24999.00,active,2026-08-05 20:39:02.399
d1b7b78a-bd81-4827-950a-a82d69e40182,H55K85GUX,haier-tv-55-smart-google-tv-h55k85gux,شاشة هاير 55 بوصة سمارت Google TV H55K85GUX,Haier TV 55 Smart Google TV H55K85GUX,تليفزيون,TVs,Rezk Store,20499.00,active,2026-08-05 20:39:02.387
dc8b4fc3-4484-400f-abc4-7f0dd1143c29,H50K85GUX,haier-tv-50-smart-google-tv-h50k85gux,شاشة هاير 50 بوصة سمارت Google TV H50K85GUX,Haier TV 50 Smart Google TV H50K85GUX,تليفزيون,TVs,Rezk Store,17999.00,active,2026-08-05 20:39:02.365
39fad69d-b284-42f7-8826-126c59dfa2ef,H65K80EU,haier-tv-65-smart-google-tv-h65k80eu,شاشة هاير 65 بوصة سمارت Google TV H65K80EU,Haier TV 65 Smart Google TV H65K80EU,تليفزيون,TVs,Rezk Store,24999.00,active,2026-08-05 20:39:02.331
e142559d-6175-479b-a5de-b7ab65dfb0f9,H55K80EU,haier-tv-55-smart-google-tv-h55k80eu,شاشة هاير 55 بوصة سمارت Google TV H55K80EU,Haier TV 55 Smart Google TV H55K80EU,تليفزيون,TVs,Rezk Store,20499.00,active,2026-08-05 20:39:02.283
6b193053-b51b-4985-937d-d0662b419a5b,H50K80EU,haier-tv-50-smart-google-tv-h50k80eu,شاشة هاير 50 بوصة سمارت Google TV H50K80EU,Haier TV 50 Smart Google TV H50K80EU,تليفزيون,TVs,Rezk Store,17999.00,active,2026-08-05 20:39:02.243
e40b8c86-aabc-4d7d-a48b-5f612539afb0,H43K80EF,haier-tv-43-smart-google-tv-h43k80ef,شاشة هاير 43 بوصة سمارت Google TV H43K80EF,Haier TV 43 Smart Google TV H43K80EF,تليفزيون,TVs,Rezk Store,13499.00,active,2026-08-05 20:39:02.207
71891f3f-a35b-4b0d-8abd-cdba92566003,H32KB0E,haier-tv-32-smart-google-tv-h32kb0e,شاشة هاير 32 بوصة سمارت Google TV H32KB0E,Haier TV 32 Smart Google TV H32KB0E,تليفزيون,TVs,Rezk Store,8299.00,active,2026-08-05 20:39:02.177
be456370-8a4c-4fe3-b133-babefa587a8f,H32K70G,haier-tv-32-basic-h32k70g,شاشة هاير 32 بوصة أساسي H32K70G,Haier TV 32 Basic H32K70G,تليفزيون,TVs,Rezk Store,6499.00,active,2026-08-05 20:39:02.073
de7913da-790b-4ce4-916f-8a9718cb6d9d,,ljasdl,jkaefs;u,;ljasd;l,موبايلات و تابلت,MOBILE & TABLET,Island Fashion House,52476.00,active,2026-07-26 14:46:42.928
